[2025-11-19 15:50:05] [Info] Gyatso Chess Engine Started
[2025-11-19 15:50:05] [Info] Attack tables precomputed.
[2025-11-19 15:50:05] [Info] Zobrist keys initialized.
[2025-11-19 15:50:05] [Info] Board initialized.
[2025-11-19 15:50:16] [Debug] UCI Input: uci
[2025-11-19 15:50:35] [Debug] UCI Input: quit
[2025-11-19 15:50:35] [Info] Engine exiting.
[2025-11-19 15:57:08] [Info] Gyatso Chess Engine Started
[2025-11-19 15:57:08] [Info] Attack tables precomputed.
[2025-11-19 15:57:08] [Info] Zobrist keys initialized.
[2025-11-19 15:57:08] [Info] Board initialized.
[2025-11-19 15:57:27] [Debug] UCI Input: testmoves
[2025-11-19 15:57:44] [Debug] UCI Input: quit
[2025-11-19 15:57:44] [Info] Engine exiting.
[2025-11-19 16:08:34] [Info] Gyatso Chess Engine Started
[2025-11-19 16:08:34] [Info] Attack tables precomputed.
[2025-11-19 16:09:04] [Info] Magic bitboards initialized.
[2025-11-19 16:09:04] [Info] Zobrist keys initialized.
[2025-11-19 16:09:04] [Info] Board initialized.
[2025-11-19 16:09:04] [Debug] UCI Input: testmoves
[2025-11-19 16:09:04] [Debug] UCI Input: quit
[2025-11-19 16:09:04] [Info] Engine exiting.
[2025-11-19 20:37:24] [Info] Gyatso Chess Engine Started
[2025-11-19 20:37:24] [Info] Attack tables precomputed.
[2025-11-19 20:37:52] [Info] Magic bitboards initialized.
[2025-11-19 20:37:52] [Info] Zobrist keys initialized.
[2025-11-19 20:37:52] [Info] Board initialized.
[2025-11-19 20:37:52] [Debug] UCI Input: uci
[2025-11-19 20:37:52] [Debug] UCI Input: testmoves
[2025-11-19 20:37:52] [Debug] UCI Input: position fen 8/8/8/8/3R4/8/8/8 w - - 0 1
[2025-11-19 20:37:52] [Debug] UCI Input: d
[2025-11-19 20:37:52] [Debug] UCI Input: testmoves
[2025-11-19 20:37:52] [Debug] UCI Input: position fen 8/8/8/8/3B4/8/8/8 w - - 0 1
[2025-11-19 20:37:52] [Debug] UCI Input: d
[2025-11-19 20:37:52] [Debug] UCI Input: testmoves
[2025-11-19 20:37:52] [Debug] UCI Input: quit
[2025-11-19 20:37:52] [Info] Engine exiting.
[2025-11-19 21:14:00] [Info] Gyatso Chess Engine Started
[2025-11-19 21:14:00] [Info] Attack tables precomputed.
[2025-11-19 21:14:02] [Info] Magic bitboards initialized.
[2025-11-19 21:14:02] [Info] Zobrist keys initialized.
[2025-11-19 21:14:02] [Info] Zobrist keys initialized.
[2025-11-19 21:14:02] [Debug] UCI Input: uci
[2025-11-19 21:14:02] [Debug] UCI Input: isready
[2025-11-19 21:14:02] [Debug] UCI Input: quit
[2025-11-19 21:14:02] [Info] Engine exiting.
[2025-11-19 21:14:25] [Info] Gyatso Chess Engine Started
[2025-11-19 21:14:25] [Info] Attack tables precomputed.
[2025-11-19 21:14:27] [Info] Magic bitboards initialized.
[2025-11-19 21:14:27] [Info] Zobrist keys initialized.
[2025-11-19 21:14:27] [Info] Zobrist keys initialized.
[2025-11-19 21:14:27] [Debug] UCI Input: uci
[2025-11-19 21:14:27] [Debug] UCI Input: isready
[2025-11-19 21:14:27] [Debug] UCI Input: ucinewgame
[2025-11-19 21:14:27] [Warn] Unknown command: ucinewgame
[2025-11-19 21:14:27] [Debug] UCI Input: position startpos
[2025-11-19 21:14:27] [Debug] UCI Input: isready
[2025-11-19 21:14:27] [Debug] UCI Input: go wtime 300000 btime 300000 movestogo 40
[2025-11-19 21:14:41] [Debug] UCI Input: stop
[2025-11-19 21:14:41] [Warn] Unknown command: stop
[2025-11-19 21:15:34] [Info] Gyatso Chess Engine Started
[2025-11-19 21:15:34] [Info] Attack tables precomputed.
[2025-11-19 21:15:37] [Info] Magic bitboards initialized.
[2025-11-19 21:15:37] [Info] Zobrist keys initialized.
[2025-11-19 21:15:37] [Info] Zobrist keys initialized.
[2025-11-19 21:17:24] [Debug] UCI Input: uci
[2025-11-19 21:17:45] [Debug] UCI Input: go depth 1
[2025-11-19 21:18:27] [Debug] UCI Input: go depth 2
[2025-11-19 21:18:31] [Debug] UCI Input: go depth 3
[2025-11-19 21:18:38] [Debug] UCI Input: go depth 4
[2025-11-19 21:18:43] [Debug] UCI Input: go depth 5
[2025-11-19 21:18:48] [Debug] UCI Input: go depth 6
[2025-11-19 21:19:17] [Debug] UCI Input: go perft 1
[2025-11-19 21:19:31] [Debug] UCI Input: uci
[2025-11-19 21:19:34] [Debug] UCI Input: perft
[2025-11-19 21:19:38] [Debug] UCI Input: perft 1
[2025-11-19 21:19:41] [Debug] UCI Input: perft 2
[2025-11-19 21:19:44] [Debug] UCI Input: perft 3
[2025-11-19 21:19:46] [Debug] UCI Input: perft 4
[2025-11-19 21:19:50] [Debug] UCI Input: perft 5
[2025-11-19 21:21:01] [Debug] UCI Input: perft 6
[2025-11-20 20:13:31] [Info] Gyatso Chess Engine Started
[2025-11-20 20:13:31] [Info] Attack tables precomputed.
[2025-11-20 20:13:34] [Info] Magic bitboards initialized.
[2025-11-20 20:13:34] [Info] Zobrist keys initialized.
[2025-11-20 20:13:34] [Info] Transposition Table initialized.
[2025-11-20 20:13:34] [Debug] UCI Input: uci
[2025-11-20 20:13:34] [Debug] UCI Input: isready
[2025-11-20 20:13:34] [Debug] UCI Input: ucinewgame
[2025-11-20 20:13:34] [Warn] Unknown command: ucinewgame
[2025-11-20 20:13:34] [Debug] UCI Input: position startpos
[2025-11-20 20:13:34] [Debug] UCI Input: isready
[2025-11-20 20:13:34] [Debug] UCI Input: go wtime 300000 btime 300000 movestogo 40
[2025-11-20 20:13:55] [Debug] UCI Input: position startpos moves b1c3 b8c6
[2025-11-20 20:13:55] [Debug] UCI Input: isready
[2025-11-20 20:13:55] [Debug] UCI Input: go wtime 292498 btime 286414 movestogo 39
[2025-11-20 20:14:02] [Debug] UCI Input: isready
[2025-11-20 20:14:27] [Debug] UCI Input: quit
[2025-11-20 20:14:27] [Info] Engine exiting.
[2025-11-20 20:34:48] [Info] Gyatso Chess Engine Started
[2025-11-20 20:34:48] [Info] Attack tables precomputed.
[2025-11-20 20:34:50] [Info] Magic bitboards initialized.
[2025-11-20 20:34:50] [Info] Zobrist keys initialized.
[2025-11-20 20:34:50] [Info] Transposition Table initialized.
[2025-11-20 20:34:50] [Debug] UCI Input: uci
[2025-11-20 20:34:50] [Debug] UCI Input: isready
[2025-11-20 20:34:50] [Debug] UCI Input: ucinewgame
[2025-11-20 20:34:50] [Warn] Unknown command: ucinewgame
[2025-11-20 20:34:50] [Debug] UCI Input: position startpos
[2025-11-20 20:34:50] [Debug] UCI Input: isready
[2025-11-20 20:34:50] [Debug] UCI Input: go wtime 300000 btime 300000 movestogo 40
[2025-11-20 20:41:36] [Info] Gyatso Chess Engine Started
[2025-11-20 20:41:36] [Info] Attack tables precomputed.
[2025-11-20 20:41:38] [Info] Magic bitboards initialized.
[2025-11-20 20:41:38] [Info] Zobrist keys initialized.
[2025-11-20 20:41:38] [Info] Transposition Table initialized.
[2025-11-20 20:41:38] [Debug] UCI Input: uci
[2025-11-20 20:41:38] [Debug] UCI Input: isready
[2025-11-20 20:41:38] [Debug] UCI Input: ucinewgame
[2025-11-20 20:41:38] [Warn] Unknown command: ucinewgame
[2025-11-20 20:41:38] [Debug] UCI Input: position startpos
[2025-11-20 20:41:38] [Debug] UCI Input: isready
[2025-11-20 20:41:38] [Debug] UCI Input: go wtime 300000 btime 300000 movestogo 40
[2025-11-20 20:42:00] [Debug] UCI Input: position startpos moves b1a3 b8c6
[2025-11-20 20:42:00] [Debug] UCI Input: isready
[2025-11-20 20:42:00] [Debug] UCI Input: go wtime 292485 btime 285898 movestogo 39
[2025-11-20 20:42:22] [Debug] UCI Input: position startpos moves b1a3 b8c6 g1f3 g8f6
[2025-11-20 20:42:22] [Debug] UCI Input: isready
[2025-11-20 20:42:22] [Debug] UCI Input: go wtime 284981 btime 271415 movestogo 38
[2025-11-20 20:42:53] [Debug] UCI Input: position startpos moves b1a3 b8c6 g1f3 g8f6 a3c4 d7d6
[2025-11-20 20:42:53] [Debug] UCI Input: isready
[2025-11-20 20:42:53] [Debug] UCI Input: go wtime 277478 btime 247196 movestogo 37
[2025-11-20 20:43:11] [Debug] UCI Input: position startpos moves b1a3 b8c6 g1f3 g8f6 a3c4 d7d6 e2e3 c8g4
[2025-11-20 20:43:11] [Debug] UCI Input: isready
[2025-11-20 20:43:11] [Debug] UCI Input: go wtime 269970 btime 236822 movestogo 36
[2025-11-20 20:43:30] [Debug] UCI Input: position startpos moves b1a3 b8c6 g1f3 g8f6 a3c4 d7d6 e2e3 c8g4 f1d3 d6d5
[2025-11-20 20:43:30] [Debug] UCI Input: isready
[2025-11-20 20:43:30] [Debug] UCI Input: go wtime 262452 btime 225383 movestogo 35
[2025-11-20 20:43:47] [Debug] UCI Input: position startpos moves b1a3 b8c6 g1f3 g8f6 a3c4 d7d6 e2e3 c8g4 f1d3 d6d5 c4a3 e7e6
[2025-11-20 20:43:47] [Debug] UCI Input: isready
[2025-11-20 20:43:47] [Debug] UCI Input: go wtime 254941 btime 215812 movestogo 34
[2025-11-20 20:44:07] [Debug] UCI Input: position startpos moves b1a3 b8c6 g1f3 g8f6 a3c4 d7d6 e2e3 c8g4 f1d3 d6d5 c4a3 e7e6 a3b5 e8d7
[2025-11-20 20:44:07] [Debug] UCI Input: isready
[2025-11-20 20:44:07] [Debug] UCI Input: go wtime 247424 btime 204171 movestogo 33
[2025-11-20 20:44:22] [Debug] UCI Input: position startpos moves b1a3 b8c6 g1f3 g8f6 a3c4 d7d6 e2e3 c8g4 f1d3 d6d5 c4a3 e7e6 a3b5 e8d7 e1g1 a7a6
[2025-11-20 20:44:22] [Debug] UCI Input: isready
[2025-11-20 20:44:22] [Debug] UCI Input: go wtime 239919 btime 196370 movestogo 32
[2025-11-20 20:44:39] [Debug] UCI Input: position startpos moves b1a3 b8c6 g1f3 g8f6 a3c4 d7d6 e2e3 c8g4 f1d3 d6d5 c4a3 e7e6 a3b5 e8d7 e1g1 a7a6 b5d4 f8d6
[2025-11-20 20:44:39] [Debug] UCI Input: isready
[2025-11-20 20:44:39] [Debug] UCI Input: go wtime 232415 btime 186731 movestogo 31
[2025-11-20 20:44:55] [Debug] UCI Input: position startpos moves b1a3 b8c6 g1f3 g8f6 a3c4 d7d6 e2e3 c8g4 f1d3 d6d5 c4a3 e7e6 a3b5 e8d7 e1g1 a7a6 b5d4 f8d6 g1h1 c6d4
[2025-11-20 20:44:55] [Debug] UCI Input: isready
[2025-11-20 20:44:55] [Debug] UCI Input: go wtime 224893 btime 178432 movestogo 30
[2025-11-20 20:45:11] [Debug] UCI Input: position startpos moves b1a3 b8c6 g1f3 g8f6 a3c4 d7d6 e2e3 c8g4 f1d3 d6d5 c4a3 e7e6 a3b5 e8d7 e1g1 a7a6 b5d4 f8d6 g1h1 c6d4 e3d4 d7c6
[2025-11-20 20:45:11] [Debug] UCI Input: isready
[2025-11-20 20:45:11] [Debug] UCI Input: go wtime 217380 btime 170068 movestogo 29
[2025-11-20 20:45:26] [Debug] UCI Input: position startpos moves b1a3 b8c6 g1f3 g8f6 a3c4 d7d6 e2e3 c8g4 f1d3 d6d5 c4a3 e7e6 a3b5 e8d7 e1g1 a7a6 b5d4 f8d6 g1h1 c6d4 e3d4 d7c6 d1e2 f6d7
[2025-11-20 20:45:26] [Debug] UCI Input: isready
[2025-11-20 20:45:26] [Debug] UCI Input: go wtime 209865 btime 161827 movestogo 28
[2025-11-20 20:45:42] [Debug] UCI Input: position startpos moves b1a3 b8c6 g1f3 g8f6 a3c4 d7d6 e2e3 c8g4 f1d3 d6d5 c4a3 e7e6 a3b5 e8d7 e1g1 a7a6 b5d4 f8d6 g1h1 c6d4 e3d4 d7c6 d1e2 f6d7 e2e3 g4f3
[2025-11-20 20:45:42] [Debug] UCI Input: isready
[2025-11-20 20:45:42] [Debug] UCI Input: go wtime 202365 btime 153817 movestogo 27
[2025-11-20 20:45:58] [Debug] UCI Input: position startpos moves b1a3 b8c6 g1f3 g8f6 a3c4 d7d6 e2e3 c8g4 f1d3 d6d5 c4a3 e7e6 a3b5 e8d7 e1g1 a7a6 b5d4 f8d6 g1h1 c6d4 e3d4 d7c6 d1e2 f6d7 e2e3 g4f3 e3f3 f7f5
[2025-11-20 20:45:58] [Debug] UCI Input: isready
[2025-11-20 20:45:58] [Debug] UCI Input: go wtime 194854 btime 145768 movestogo 26
[2025-11-20 20:46:13] [Debug] UCI Input: position startpos moves b1a3 b8c6 g1f3 g8f6 a3c4 d7d6 e2e3 c8g4 f1d3 d6d5 c4a3 e7e6 a3b5 e8d7 e1g1 a7a6 b5d4 f8d6 g1h1 c6d4 e3d4 d7c6 d1e2 f6d7 e2e3 g4f3 e3f3 f7f5 d3e2 d8h4
[2025-11-20 20:46:13] [Debug] UCI Input: isready
[2025-11-20 20:46:13] [Debug] UCI Input: go wtime 187339 btime 137435 movestogo 25
[2025-11-20 20:46:28] [Debug] UCI Input: position startpos moves b1a3 b8c6 g1f3 g8f6 a3c4 d7d6 e2e3 c8g4 f1d3 d6d5 c4a3 e7e6 a3b5 e8d7 e1g1 a7a6 b5d4 f8d6 g1h1 c6d4 e3d4 d7c6 d1e2 f6d7 e2e3 g4f3 e3f3 f7f5 d3e2 d8h4 f3c3 d7c5
[2025-11-20 20:46:28] [Debug] UCI Input: isready
[2025-11-20 20:46:28] [Debug] UCI Input: go wtime 179839 btime 130354 movestogo 24
[2025-11-20 20:46:44] [Debug] UCI Input: position startpos moves b1a3 b8c6 g1f3 g8f6 a3c4 d7d6 e2e3 c8g4 f1d3 d6d5 c4a3 e7e6 a3b5 e8d7 e1g1 a7a6 b5d4 f8d6 g1h1 c6d4 e3d4 d7c6 d1e2 f6d7 e2e3 g4f3 e3f3 f7f5 d3e2 d8h4 f3c3 d7c5 g2g3 h4f6
[2025-11-20 20:46:44] [Debug] UCI Input: isready
[2025-11-20 20:46:44] [Debug] UCI Input: go wtime 172327 btime 122241 movestogo 23
[2025-11-20 20:46:57] [Debug] UCI Input: position startpos moves b1a3 b8c6 g1f3 g8f6 a3c4 d7d6 e2e3 c8g4 f1d3 d6d5 c4a3 e7e6 a3b5 e8d7 e1g1 a7a6 b5d4 f8d6 g1h1 c6d4 e3d4 d7c6 d1e2 f6d7 e2e3 g4f3 e3f3 f7f5 d3e2 d8h4 f3c3 d7c5 g2g3 h4f6 b2b4 b7b6
[2025-11-20 20:46:57] [Debug] UCI Input: isready
[2025-11-20 20:46:57] [Debug] UCI Input: go wtime 164814 btime 116082 movestogo 22
[2025-11-20 20:47:11] [Debug] UCI Input: position startpos moves b1a3 b8c6 g1f3 g8f6 a3c4 d7d6 e2e3 c8g4 f1d3 d6d5 c4a3 e7e6 a3b5 e8d7 e1g1 a7a6 b5d4 f8d6 g1h1 c6d4 e3d4 d7c6 d1e2 f6d7 e2e3 g4f3 e3f3 f7f5 d3e2 d8h4 f3c3 d7c5 g2g3 h4f6 b2b4 b7b6 c1a3 c6d7
[2025-11-20 20:47:11] [Debug] UCI Input: isready
[2025-11-20 20:47:11] [Debug] UCI Input: go wtime 157308 btime 109758 movestogo 21
[2025-11-20 20:47:28] [Debug] UCI Input: position startpos moves b1a3 b8c6 g1f3 g8f6 a3c4 d7d6 e2e3 c8g4 f1d3 d6d5 c4a3 e7e6 a3b5 e8d7 e1g1 a7a6 b5d4 f8d6 g1h1 c6d4 e3d4 d7c6 d1e2 f6d7 e2e3 g4f3 e3f3 f7f5 d3e2 d8h4 f3c3 d7c5 g2g3 h4f6 b2b4 b7b6 c1a3 c6d7 b4c5 b6c5
[2025-11-20 20:47:28] [Debug] UCI Input: isready
[2025-11-20 20:47:28] [Debug] UCI Input: go wtime 149807 btime 100340 movestogo 20
[2025-11-20 20:47:43] [Debug] UCI Input: position startpos moves b1a3 b8c6 g1f3 g8f6 a3c4 d7d6 e2e3 c8g4 f1d3 d6d5 c4a3 e7e6 a3b5 e8d7 e1g1 a7a6 b5d4 f8d6 g1h1 c6d4 e3d4 d7c6 d1e2 f6d7 e2e3 g4f3 e3f3 f7f5 d3e2 d8h4 f3c3 d7c5 g2g3 h4f6 b2b4 b7b6 c1a3 c6d7 b4c5 b6c5 a3c5 d6c5
[2025-11-20 20:47:43] [Debug] UCI Input: isready
[2025-11-20 20:47:43] [Debug] UCI Input: go wtime 142314 btime 92999 movestogo 19
[2025-11-20 20:47:57] [Debug] UCI Input: position startpos moves b1a3 b8c6 g1f3 g8f6 a3c4 d7d6 e2e3 c8g4 f1d3 d6d5 c4a3 e7e6 a3b5 e8d7 e1g1 a7a6 b5d4 f8d6 g1h1 c6d4 e3d4 d7c6 d1e2 f6d7 e2e3 g4f3 e3f3 f7f5 d3e2 d8h4 f3c3 d7c5 g2g3 h4f6 b2b4 b7b6 c1a3 c6d7 b4c5 b6c5 a3c5 d6c5 c3c5 h8f8
[2025-11-20 20:47:57] [Debug] UCI Input: isready
[2025-11-20 20:47:57] [Debug] UCI Input: go wtime 134821 btime 86795 movestogo 18
[2025-11-20 20:48:12] [Debug] UCI Input: position startpos moves b1a3 b8c6 g1f3 g8f6 a3c4 d7d6 e2e3 c8g4 f1d3 d6d5 c4a3 e7e6 a3b5 e8d7 e1g1 a7a6 b5d4 f8d6 g1h1 c6d4 e3d4 d7c6 d1e2 f6d7 e2e3 g4f3 e3f3 f7f5 d3e2 d8h4 f3c3 d7c5 g2g3 h4f6 b2b4 b7b6 c1a3 c6d7 b4c5 b6c5 a3c5 d6c5 c3c5 h8f8 e2d3 f8e8
[2025-11-20 20:48:12] [Debug] UCI Input: isready
[2025-11-20 20:48:12] [Debug] UCI Input: go wtime 127324 btime 79162 movestogo 17
[2025-11-20 20:48:25] [Debug] UCI Input: position startpos moves b1a3 b8c6 g1f3 g8f6 a3c4 d7d6 e2e3 c8g4 f1d3 d6d5 c4a3 e7e6 a3b5 e8d7 e1g1 a7a6 b5d4 f8d6 g1h1 c6d4 e3d4 d7c6 d1e2 f6d7 e2e3 g4f3 e3f3 f7f5 d3e2 d8h4 f3c3 d7c5 g2g3 h4f6 b2b4 b7b6 c1a3 c6d7 b4c5 b6c5 a3c5 d6c5 c3c5 h8f8 e2d3 f8e8 a1b1 e8f8
[2025-11-20 20:48:25] [Debug] UCI Input: isready
[2025-11-20 20:48:25] [Debug] UCI Input: go wtime 119833 btime 73468 movestogo 16
[2025-11-20 20:48:38] [Debug] UCI Input: position startpos moves b1a3 b8c6 g1f3 g8f6 a3c4 d7d6 e2e3 c8g4 f1d3 d6d5 c4a3 e7e6 a3b5 e8d7 e1g1 a7a6 b5d4 f8d6 g1h1 c6d4 e3d4 d7c6 d1e2 f6d7 e2e3 g4f3 e3f3 f7f5 d3e2 d8h4 f3c3 d7c5 g2g3 h4f6 b2b4 b7b6 c1a3 c6d7 b4c5 b6c5 a3c5 d6c5 c3c5 h8f8 e2d3 f8e8 a1b1 e8f8 b1b7 f6d8
[2025-11-20 20:48:38] [Debug] UCI Input: isready
[2025-11-20 20:48:38] [Debug] UCI Input: go wtime 112335 btime 68109 movestogo 15
[2025-11-20 20:48:51] [Debug] UCI Input: position startpos moves b1a3 b8c6 g1f3 g8f6 a3c4 d7d6 e2e3 c8g4 f1d3 d6d5 c4a3 e7e6 a3b5 e8d7 e1g1 a7a6 b5d4 f8d6 g1h1 c6d4 e3d4 d7c6 d1e2 f6d7 e2e3 g4f3 e3f3 f7f5 d3e2 d8h4 f3c3 d7c5 g2g3 h4f6 b2b4 b7b6 c1a3 c6d7 b4c5 b6c5 a3c5 d6c5 c3c5 h8f8 e2d3 f8e8 a1b1 e8f8 b1b7 f6d8 c5a5 d8c8
[2025-11-20 20:48:51] [Debug] UCI Input: isready
[2025-11-20 20:48:51] [Debug] UCI Input: go wtime 104844 btime 62258 movestogo 14
[2025-11-20 20:49:04] [Debug] UCI Input: position startpos moves b1a3 b8c6 g1f3 g8f6 a3c4 d7d6 e2e3 c8g4 f1d3 d6d5 c4a3 e7e6 a3b5 e8d7 e1g1 a7a6 b5d4 f8d6 g1h1 c6d4 e3d4 d7c6 d1e2 f6d7 e2e3 g4f3 e3f3 f7f5 d3e2 d8h4 f3c3 d7c5 g2g3 h4f6 b2b4 b7b6 c1a3 c6d7 b4c5 b6c5 a3c5 d6c5 c3c5 h8f8 e2d3 f8e8 a1b1 e8f8 b1b7 f6d8 c5a5 d8c8 f1b1 f5f4
[2025-11-20 20:49:04] [Debug] UCI Input: isready
[2025-11-20 20:49:04] [Debug] UCI Input: go wtime 97351 btime 56581 movestogo 13
[2025-11-20 20:49:17] [Debug] UCI Input: position startpos moves b1a3 b8c6 g1f3 g8f6 a3c4 d7d6 e2e3 c8g4 f1d3 d6d5 c4a3 e7e6 a3b5 e8d7 e1g1 a7a6 b5d4 f8d6 g1h1 c6d4 e3d4 d7c6 d1e2 f6d7 e2e3 g4f3 e3f3 f7f5 d3e2 d8h4 f3c3 d7c5 g2g3 h4f6 b2b4 b7b6 c1a3 c6d7 b4c5 b6c5 a3c5 d6c5 c3c5 h8f8 e2d3 f8e8 a1b1 e8f8 b1b7 f6d8 c5a5 d8c8 f1b1 f5f4 a5a4 d7e7
[2025-11-20 20:49:17] [Debug] UCI Input: isready
[2025-11-20 20:49:17] [Debug] UCI Input: go wtime 89860 btime 51330 movestogo 12
[2025-11-20 20:49:30] [Debug] UCI Input: position startpos moves b1a3 b8c6 g1f3 g8f6 a3c4 d7d6 e2e3 c8g4 f1d3 d6d5 c4a3 e7e6 a3b5 e8d7 e1g1 a7a6 b5d4 f8d6 g1h1 c6d4 e3d4 d7c6 d1e2 f6d7 e2e3 g4f3 e3f3 f7f5 d3e2 d8h4 f3c3 d7c5 g2g3 h4f6 b2b4 b7b6 c1a3 c6d7 b4c5 b6c5 a3c5 d6c5 c3c5 h8f8 e2d3 f8e8 a1b1 e8f8 b1b7 f6d8 c5a5 d8c8 f1b1 f5f4 a5a4 d7e7 a4c6 e7f6
[2025-11-20 20:49:30] [Debug] UCI Input: isready
[2025-11-20 20:49:30] [Debug] UCI Input: go wtime 82355 btime 45637 movestogo 11
[2025-11-20 20:49:43] [Debug] UCI Input: position startpos moves b1a3 b8c6 g1f3 g8f6 a3c4 d7d6 e2e3 c8g4 f1d3 d6d5 c4a3 e7e6 a3b5 e8d7 e1g1 a7a6 b5d4 f8d6 g1h1 c6d4 e3d4 d7c6 d1e2 f6d7 e2e3 g4f3 e3f3 f7f5 d3e2 d8h4 f3c3 d7c5 g2g3 h4f6 b2b4 b7b6 c1a3 c6d7 b4c5 b6c5 a3c5 d6c5 c3c5 h8f8 e2d3 f8e8 a1b1 e8f8 b1b7 f6d8 c5a5 d8c8 f1b1 f5f4 a5a4 d7e7 a4c6 e7f6 b7c7 c8e8
[2025-11-20 20:49:43] [Debug] UCI Input: isready
[2025-11-20 20:49:43] [Debug] UCI Input: go wtime 74868 btime 40094 movestogo 10
[2025-11-20 20:49:56] [Debug] UCI Input: position startpos moves b1a3 b8c6 g1f3 g8f6 a3c4 d7d6 e2e3 c8g4 f1d3 d6d5 c4a3 e7e6 a3b5 e8d7 e1g1 a7a6 b5d4 f8d6 g1h1 c6d4 e3d4 d7c6 d1e2 f6d7 e2e3 g4f3 e3f3 f7f5 d3e2 d8h4 f3c3 d7c5 g2g3 h4f6 b2b4 b7b6 c1a3 c6d7 b4c5 b6c5 a3c5 d6c5 c3c5 h8f8 e2d3 f8e8 a1b1 e8f8 b1b7 f6d8 c5a5 d8c8 f1b1 f5f4 a5a4 d7e7 a4c6 e7f6 b7c7 c8e8 c6d6 f6g5
[2025-11-20 20:49:56] [Debug] UCI Input: isready
[2025-11-20 20:49:56] [Debug] UCI Input: go wtime 67380 btime 35111 movestogo 9
[2025-11-20 20:50:08] [Debug] UCI Input: position startpos moves b1a3 b8c6 g1f3 g8f6 a3c4 d7d6 e2e3 c8g4 f1d3 d6d5 c4a3 e7e6 a3b5 e8d7 e1g1 a7a6 b5d4 f8d6 g1h1 c6d4 e3d4 d7c6 d1e2 f6d7 e2e3 g4f3 e3f3 f7f5 d3e2 d8h4 f3c3 d7c5 g2g3 h4f6 b2b4 b7b6 c1a3 c6d7 b4c5 b6c5 a3c5 d6c5 c3c5 h8f8 e2d3 f8e8 a1b1 e8f8 b1b7 f6d8 c5a5 d8c8 f1b1 f5f4 a5a4 d7e7 a4c6 e7f6 b7c7 c8e8 c6d6 f6g5 c7g7 g5h6
[2025-11-20 20:50:08] [Debug] UCI Input: isready
[2025-11-20 20:50:08] [Debug] UCI Input: go wtime 59889 btime 30150 movestogo 8
[2025-11-20 20:50:16] [Debug] UCI Input: position startpos moves b1a3 b8c6 g1f3 g8f6 a3c4 d7d6 e2e3 c8g4 f1d3 d6d5 c4a3 e7e6 a3b5 e8d7 e1g1 a7a6 b5d4 f8d6 g1h1 c6d4 e3d4 d7c6 d1e2 f6d7 e2e3 g4f3 e3f3 f7f5 d3e2 d8h4 f3c3 d7c5 g2g3 h4f6 b2b4 b7b6 c1a3 c6d7 b4c5 b6c5 a3c5 d6c5 c3c5 h8f8 e2d3 f8e8 a1b1 e8f8 b1b7 f6d8 c5a5 d8c8 f1b1 f5f4 a5a4 d7e7 a4c6 e7f6 b7c7 c8e8 c6d6 f6g5 c7g7 g5h6 g7h7 h6g5
[2025-11-20 20:50:16] [Debug] UCI Input: isready
[2025-11-20 20:50:16] [Debug] UCI Input: go wtime 52394 btime 30130 movestogo 7
[2025-11-20 20:50:28] [Debug] UCI Input: position startpos moves b1a3 b8c6 g1f3 g8f6 a3c4 d7d6 e2e3 c8g4 f1d3 d6d5 c4a3 e7e6 a3b5 e8d7 e1g1 a7a6 b5d4 f8d6 g1h1 c6d4 e3d4 d7c6 d1e2 f6d7 e2e3 g4f3 e3f3 f7f5 d3e2 d8h4 f3c3 d7c5 g2g3 h4f6 b2b4 b7b6 c1a3 c6d7 b4c5 b6c5 a3c5 d6c5 c3c5 h8f8 e2d3 f8e8 a1b1 e8f8 b1b7 f6d8 c5a5 d8c8 f1b1 f5f4 a5a4 d7e7 a4c6 e7f6 b7c7 c8e8 c6d6 f6g5 c7g7 g5h6 g7h7 h6g5 f2f3 f8f5
[2025-11-20 20:50:28] [Debug] UCI Input: isready
[2025-11-20 20:50:28] [Debug] UCI Input: go wtime 44902 btime 24829 movestogo 6
[2025-11-20 20:50:43] [Debug] UCI Input: position startpos moves b1a3 b8c6 g1f3 g8f6 a3c4 d7d6 e2e3 c8g4 f1d3 d6d5 c4a3 e7e6 a3b5 e8d7 e1g1 a7a6 b5d4 f8d6 g1h1 c6d4 e3d4 d7c6 d1e2 f6d7 e2e3 g4f3 e3f3 f7f5 d3e2 d8h4 f3c3 d7c5 g2g3 h4f6 b2b4 b7b6 c1a3 c6d7 b4c5 b6c5 a3c5 d6c5 c3c5 h8f8 e2d3 f8e8 a1b1 e8f8 b1b7 f6d8 c5a5 d8c8 f1b1 f5f4 a5a4 d7e7 a4c6 e7f6 b7c7 c8e8 c6d6 f6g5 c7g7 g5h6 g7h7 h6g5 f2f3 f8f5 g3f4 g5g6
[2025-11-20 20:50:43] [Debug] UCI Input: isready
[2025-11-20 20:50:43] [Debug] UCI Input: go wtime 37411 btime 18297 movestogo 5
[2025-11-20 20:51:01] [Debug] UCI Input: position startpos moves b1a3 b8c6 g1f3 g8f6 a3c4 d7d6 e2e3 c8g4 f1d3 d6d5 c4a3 e7e6 a3b5 e8d7 e1g1 a7a6 b5d4 f8d6 g1h1 c6d4 e3d4 d7c6 d1e2 f6d7 e2e3 g4f3 e3f3 f7f5 d3e2 d8h4 f3c3 d7c5 g2g3 h4f6 b2b4 b7b6 c1a3 c6d7 b4c5 b6c5 a3c5 d6c5 c3c5 h8f8 e2d3 f8e8 a1b1 e8f8 b1b7 f6d8 c5a5 d8c8 f1b1 f5f4 a5a4 d7e7 a4c6 e7f6 b7c7 c8e8 c6d6 f6g5 c7g7 g5h6 g7h7 h6g5 f2f3 f8f5 g3f4 g5g6 d3f5 g6f5
[2025-11-20 20:51:01] [Debug] UCI Input: isready
[2025-11-20 20:51:01] [Debug] UCI Input: go wtime 29928 btime 7735 movestogo 4
[2025-11-20 20:51:10] [Debug] UCI Input: position startpos moves b1a3 b8c6 g1f3 g8f6 a3c4 d7d6 e2e3 c8g4 f1d3 d6d5 c4a3 e7e6 a3b5 e8d7 e1g1 a7a6 b5d4 f8d6 g1h1 c6d4 e3d4 d7c6 d1e2 f6d7 e2e3 g4f3 e3f3 f7f5 d3e2 d8h4 f3c3 d7c5 g2g3 h4f6 b2b4 b7b6 c1a3 c6d7 b4c5 b6c5 a3c5 d6c5 c3c5 h8f8 e2d3 f8e8 a1b1 e8f8 b1b7 f6d8 c5a5 d8c8 f1b1 f5f4 a5a4 d7e7 a4c6 e7f6 b7c7 c8e8 c6d6 f6g5 c7g7 g5h6 g7h7 h6g5 f2f3 f8f5 g3f4 g5g6 d3f5 g6f5 h7h6 e8b8
[2025-11-20 20:51:10] [Debug] UCI Input: isready
[2025-11-20 20:51:10] [Debug] UCI Input: go wtime 22435 btime 5529 movestogo 3
[2025-11-20 20:51:19] [Debug] UCI Input: position startpos moves b1a3 b8c6 g1f3 g8f6 a3c4 d7d6 e2e3 c8g4 f1d3 d6d5 c4a3 e7e6 a3b5 e8d7 e1g1 a7a6 b5d4 f8d6 g1h1 c6d4 e3d4 d7c6 d1e2 f6d7 e2e3 g4f3 e3f3 f7f5 d3e2 d8h4 f3c3 d7c5 g2g3 h4f6 b2b4 b7b6 c1a3 c6d7 b4c5 b6c5 a3c5 d6c5 c3c5 h8f8 e2d3 f8e8 a1b1 e8f8 b1b7 f6d8 c5a5 d8c8 f1b1 f5f4 a5a4 d7e7 a4c6 e7f6 b7c7 c8e8 c6d6 f6g5 c7g7 g5h6 g7h7 h6g5 f2f3 f8f5 g3f4 g5g6 d3f5 g6f5 h7h6 e8b8 b1b8 a8b8
[2025-11-20 20:51:19] [Debug] UCI Input: isready
[2025-11-20 20:51:19] [Debug] UCI Input: go wtime 14956 btime 4250 movestogo 2
[2025-11-20 20:51:27] [Debug] UCI Input: isready
[2025-11-20 20:51:30] [Debug] UCI Input: quit
[2025-11-20 20:51:30] [Info] Engine exiting.
[2025-11-20 21:05:51] [Info] Gyatso Chess Engine Started
[2025-11-20 21:05:52] [Info] Attack tables precomputed.
[2025-11-20 21:05:54] [Info] Magic bitboards initialized.
[2025-11-20 21:05:54] [Info] Zobrist keys initialized.
[2025-11-20 21:05:54] [Info] Transposition Table initialized.
[2025-11-20 21:05:54] [Debug] UCI Input: uci
[2025-11-20 21:05:54] [Debug] UCI Input: isready
[2025-11-20 21:05:57] [Debug] UCI Input: ucinewgame
[2025-11-20 21:05:57] [Warn] Unknown command: ucinewgame
[2025-11-20 21:05:57] [Debug] UCI Input: position startpos
[2025-11-20 21:05:57] [Debug] UCI Input: isready
[2025-11-20 21:05:57] [Debug] UCI Input: go wtime 300000 btime 300000 movestogo 40
[2025-11-20 21:06:16] [Debug] UCI Input: position startpos moves b1a3 e7e5
[2025-11-20 21:06:16] [Debug] UCI Input: isready
[2025-11-20 21:06:16] [Debug] UCI Input: go wtime 292496 btime 288370 movestogo 39
[2025-11-20 21:06:36] [Debug] UCI Input: position startpos moves b1a3 e7e5 g1f3 e5e4
[2025-11-20 21:06:36] [Debug] UCI Input: isready
[2025-11-20 21:06:36] [Debug] UCI Input: go wtime 284994 btime 275635 movestogo 38
[2025-11-20 21:06:52] [Debug] UCI Input: position startpos moves b1a3 e7e5 g1f3 e5e4 f3d4 g8f6
[2025-11-20 21:06:52] [Debug] UCI Input: isready
[2025-11-20 21:06:52] [Debug] UCI Input: go wtime 277494 btime 266995 movestogo 37
[2025-11-20 21:07:12] [Debug] UCI Input: position startpos moves b1a3 e7e5 g1f3 e5e4 f3d4 g8f6 a3c4 d7d5
[2025-11-20 21:07:12] [Debug] UCI Input: isready
[2025-11-20 21:07:12] [Debug] UCI Input: go wtime 269985 btime 255267 movestogo 36
[2025-11-20 21:07:40] [Debug] UCI Input: position startpos moves b1a3 e7e5 g1f3 e5e4 f3d4 g8f6 a3c4 d7d5 c4e3 c7c5
[2025-11-20 21:07:40] [Debug] UCI Input: isready
[2025-11-20 21:07:40] [Debug] UCI Input: go wtime 262482 btime 233979 movestogo 35
[2025-11-20 21:07:58] [Debug] UCI Input: position startpos moves b1a3 e7e5 g1f3 e5e4 f3d4 g8f6 a3c4 d7d5 c4e3 c7c5 d4b5 d5d4
[2025-11-20 21:07:58] [Debug] UCI Input: isready
[2025-11-20 21:07:58] [Debug] UCI Input: go wtime 254977 btime 223853 movestogo 34
[2025-11-20 21:08:12] [Debug] UCI Input: position startpos moves b1a3 e7e5 g1f3 e5e4 f3d4 g8f6 a3c4 d7d5 c4e3 c7c5 d4b5 d5d4 e3c4 a7a6
[2025-11-20 21:08:12] [Debug] UCI Input: isready
[2025-11-20 21:08:12] [Debug] UCI Input: go wtime 247474 btime 217242 movestogo 33
[2025-11-20 21:08:30] [Debug] UCI Input: position startpos moves b1a3 e7e5 g1f3 e5e4 f3d4 g8f6 a3c4 d7d5 c4e3 c7c5 d4b5 d5d4 e3c4 a7a6 b5a3 b7b5
[2025-11-20 21:08:30] [Debug] UCI Input: isready
[2025-11-20 21:08:30] [Debug] UCI Input: go wtime 239974 btime 206939 movestogo 32
[2025-11-20 21:08:48] [Debug] UCI Input: position startpos moves b1a3 e7e5 g1f3 e5e4 f3d4 g8f6 a3c4 d7d5 c4e3 c7c5 d4b5 d5d4 e3c4 a7a6 b5a3 b7b5 c4e5 f8d6
[2025-11-20 21:08:48] [Debug] UCI Input: isready
[2025-11-20 21:08:48] [Debug] UCI Input: go wtime 232472 btime 196343 movestogo 31
[2025-11-20 21:09:19] [Debug] UCI Input: position startpos moves b1a3 e7e5 g1f3 e5e4 f3d4 g8f6 a3c4 d7d5 c4e3 c7c5 d4b5 d5d4 e3c4 a7a6 b5a3 b7b5 c4e5 f8d6 f2f4 f6d5
[2025-11-20 21:09:19] [Debug] UCI Input: isready
[2025-11-20 21:09:19] [Debug] UCI Input: go wtime 224955 btime 173153 movestogo 30
[2025-11-20 21:09:42] [Debug] UCI Input: position startpos moves b1a3 e7e5 g1f3 e5e4 f3d4 g8f6 a3c4 d7d5 c4e3 c7c5 d4b5 d5d4 e3c4 a7a6 b5a3 b7b5 c4e5 f8d6 f2f4 f6d5 e2e3 d6e5
[2025-11-20 21:09:42] [Debug] UCI Input: isready
[2025-11-20 21:09:42] [Debug] UCI Input: go wtime 217432 btime 157467 movestogo 29
[2025-11-20 21:09:55] [Debug] UCI Input: position startpos moves b1a3 e7e5 g1f3 e5e4 f3d4 g8f6 a3c4 d7d5 c4e3 c7c5 d4b5 d5d4 e3c4 a7a6 b5a3 b7b5 c4e5 f8d6 f2f4 f6d5 e2e3 d6e5 f4e5 b8c6
[2025-11-20 21:09:55] [Debug] UCI Input: isready
[2025-11-20 21:09:55] [Debug] UCI Input: go wtime 209934 btime 151692 movestogo 28
[2025-11-20 21:10:08] [Debug] UCI Input: position startpos moves b1a3 e7e5 g1f3 e5e4 f3d4 g8f6 a3c4 d7d5 c4e3 c7c5 d4b5 d5d4 e3c4 a7a6 b5a3 b7b5 c4e5 f8d6 f2f4 f6d5 e2e3 d6e5 f4e5 b8c6 e3d4 c5d4
[2025-11-20 21:10:08] [Debug] UCI Input: isready
[2025-11-20 21:10:08] [Debug] UCI Input: go wtime 202433 btime 146672 movestogo 27
[2025-11-20 21:10:24] [Debug] UCI Input: position startpos moves b1a3 e7e5 g1f3 e5e4 f3d4 g8f6 a3c4 d7d5 c4e3 c7c5 d4b5 d5d4 e3c4 a7a6 b5a3 b7b5 c4e5 f8d6 f2f4 f6d5 e2e3 d6e5 f4e5 b8c6 e3d4 c5d4 d1e2 e8g8
[2025-11-20 21:10:24] [Debug] UCI Input: isready
[2025-11-20 21:10:24] [Debug] UCI Input: go wtime 194928 btime 138288 movestogo 26
[2025-11-20 21:10:38] [Debug] UCI Input: position startpos moves b1a3 e7e5 g1f3 e5e4 f3d4 g8f6 a3c4 d7d5 c4e3 c7c5 d4b5 d5d4 e3c4 a7a6 b5a3 b7b5 c4e5 f8d6 f2f4 f6d5 e2e3 d6e5 f4e5 b8c6 e3d4 c5d4 d1e2 e8g8 e2e4 f7f5
[2025-11-20 21:10:38] [Debug] UCI Input: isready
[2025-11-20 21:10:38] [Debug] UCI Input: go wtime 187412 btime 131712 movestogo 25
[2025-11-20 21:10:52] [Debug] UCI Input: position startpos moves b1a3 e7e5 g1f3 e5e4 f3d4 g8f6 a3c4 d7d5 c4e3 c7c5 d4b5 d5d4 e3c4 a7a6 b5a3 b7b5 c4e5 f8d6 f2f4 f6d5 e2e3 d6e5 f4e5 b8c6 e3d4 c5d4 d1e2 e8g8 e2e4 f7f5 e4e2 f8e8
[2025-11-20 21:10:52] [Debug] UCI Input: isready
[2025-11-20 21:10:52] [Debug] UCI Input: go wtime 179897 btime 124692 movestogo 24
[2025-11-20 21:11:05] [Debug] UCI Input: position startpos moves b1a3 e7e5 g1f3 e5e4 f3d4 g8f6 a3c4 d7d5 c4e3 c7c5 d4b5 d5d4 e3c4 a7a6 b5a3 b7b5 c4e5 f8d6 f2f4 f6d5 e2e3 d6e5 f4e5 b8c6 e3d4 c5d4 d1e2 e8g8 e2e4 f7f5 e4e2 f8e8 e1f2 c6e5
[2025-11-20 21:11:05] [Debug] UCI Input: isready
[2025-11-20 21:11:05] [Debug] UCI Input: go wtime 172383 btime 119754 movestogo 23
[2025-11-20 21:11:18] [Debug] UCI Input: position startpos moves b1a3 e7e5 g1f3 e5e4 f3d4 g8f6 a3c4 d7d5 c4e3 c7c5 d4b5 d5d4 e3c4 a7a6 b5a3 b7b5 c4e5 f8d6 f2f4 f6d5 e2e3 d6e5 f4e5 b8c6 e3d4 c5d4 d1e2 e8g8 e2e4 f7f5 e4e2 f8e8 e1f2 c6e5 e2d1 e5g4
[2025-11-20 21:11:18] [Debug] UCI Input: isready
[2025-11-20 21:11:18] [Debug] UCI Input: go wtime 164869 btime 114608 movestogo 22
[2025-11-20 21:11:34] [Debug] UCI Input: position startpos moves b1a3 e7e5 g1f3 e5e4 f3d4 g8f6 a3c4 d7d5 c4e3 c7c5 d4b5 d5d4 e3c4 a7a6 b5a3 b7b5 c4e5 f8d6 f2f4 f6d5 e2e3 d6e5 f4e5 b8c6 e3d4 c5d4 d1e2 e8g8 e2e4 f7f5 e4e2 f8e8 e1f2 c6e5 e2d1 e5g4 f2g1 d4d3
[2025-11-20 21:11:34] [Debug] UCI Input: isready
[2025-11-20 21:11:34] [Debug] UCI Input: go wtime 157370 btime 105939 movestogo 21
[2025-11-20 21:11:45] [Debug] UCI Input: position startpos moves b1a3 e7e5 g1f3 e5e4 f3d4 g8f6 a3c4 d7d5 c4e3 c7c5 d4b5 d5d4 e3c4 a7a6 b5a3 b7b5 c4e5 f8d6 f2f4 f6d5 e2e3 d6e5 f4e5 b8c6 e3d4 c5d4 d1e2 e8g8 e2e4 f7f5 e4e2 f8e8 e1f2 c6e5 e2d1 e5g4 f2g1 d4d3 g2g3 d8b6
[2025-11-20 21:11:45] [Debug] UCI Input: isready
[2025-11-20 21:11:45] [Debug] UCI Input: go wtime 149874 btime 102605 movestogo 20
[2025-11-20 21:11:56] [Debug] UCI Input: position startpos moves b1a3 e7e5 g1f3 e5e4 f3d4 g8f6 a3c4 d7d5 c4e3 c7c5 d4b5 d5d4 e3c4 a7a6 b5a3 b7b5 c4e5 f8d6 f2f4 f6d5 e2e3 d6e5 f4e5 b8c6 e3d4 c5d4 d1e2 e8g8 e2e4 f7f5 e4e2 f8e8 e1f2 c6e5 e2d1 e5g4 f2g1 d4d3 g2g3 d8b6 g1g2 b6f2
[2025-11-20 21:11:56] [Debug] UCI Input: isready
[2025-11-20 21:11:56] [Debug] UCI Input: go wtime 142381 btime 98394 movestogo 19
[2025-11-20 21:12:09] [Debug] UCI Input: position startpos moves b1a3 e7e5 g1f3 e5e4 f3d4 g8f6 a3c4 d7d5 c4e3 c7c5 d4b5 d5d4 e3c4 a7a6 b5a3 b7b5 c4e5 f8d6 f2f4 f6d5 e2e3 d6e5 f4e5 b8c6 e3d4 c5d4 d1e2 e8g8 e2e4 f7f5 e4e2 f8e8 e1f2 c6e5 e2d1 e5g4 f2g1 d4d3 g2g3 d8b6 g1g2 b6f2 g2h3 g4h2
[2025-11-20 21:12:09] [Debug] UCI Input: isready
[2025-11-20 21:12:09] [Debug] UCI Input: go wtime 134869 btime 93724 movestogo 18
[2025-11-20 21:12:21] [Debug] UCI Input: position startpos moves b1a3 e7e5 g1f3 e5e4 f3d4 g8f6 a3c4 d7d5 c4e3 c7c5 d4b5 d5d4 e3c4 a7a6 b5a3 b7b5 c4e5 f8d6 f2f4 f6d5 e2e3 d6e5 f4e5 b8c6 e3d4 c5d4 d1e2 e8g8 e2e4 f7f5 e4e2 f8e8 e1f2 c6e5 e2d1 e5g4 f2g1 d4d3 g2g3 d8b6 g1g2 b6f2 g2h3 g4h2 f1d3 f5f4
[2025-11-20 21:12:21] [Debug] UCI Input: isready
[2025-11-20 21:12:21] [Debug] UCI Input: go wtime 127372 btime 88502 movestogo 17
[2025-11-20 21:12:31] [Debug] UCI Input: position startpos moves b1a3 e7e5 g1f3 e5e4 f3d4 g8f6 a3c4 d7d5 c4e3 c7c5 d4b5 d5d4 e3c4 a7a6 b5a3 b7b5 c4e5 f8d6 f2f4 f6d5 e2e3 d6e5 f4e5 b8c6 e3d4 c5d4 d1e2 e8g8 e2e4 f7f5 e4e2 f8e8 e1f2 c6e5 e2d1 e5g4 f2g1 d4d3 g2g3 d8b6 g1g2 b6f2 g2h3 g4h2 f1d3 f5f4 h3h4 f2g3
[2025-11-20 21:12:31] [Debug] UCI Input: isready
[2025-11-20 21:12:31] [Debug] UCI Input: go wtime 119879 btime 86190 movestogo 16
[2025-11-20 21:12:40] [Debug] UCI Input: position startpos moves b1a3 e7e5 g1f3 e5e4 f3d4 g8f6 a3c4 d7d5 c4e3 c7c5 d4b5 d5d4 e3c4 a7a6 b5a3 b7b5 c4e5 f8d6 f2f4 f6d5 e2e3 d6e5 f4e5 b8c6 e3d4 c5d4 d1e2 e8g8 e2e4 f7f5 e4e2 f8e8 e1f2 c6e5 e2d1 e5g4 f2g1 d4d3 g2g3 d8b6 g1g2 b6f2 g2h3 g4h2 f1d3 f5f4 h3h4 f2g3 h4h5 d5f6
[2025-11-20 21:12:40] [Debug] UCI Input: isready
[2025-11-20 21:13:22] [Info] Gyatso Chess Engine Started
[2025-11-20 21:13:22] [Info] Attack tables precomputed.
[2025-11-20 21:13:24] [Debug] UCI Input: quit
[2025-11-20 21:13:24] [Info] Engine exiting.
[2025-11-20 21:13:24] [Info] Magic bitboards initialized.
[2025-11-20 21:13:24] [Info] Zobrist keys initialized.
[2025-11-20 21:13:24] [Info] Transposition Table initialized.
[2025-11-20 21:13:24] [Debug] UCI Input: uci
[2025-11-20 21:13:24] [Debug] UCI Input: isready
[2025-11-20 21:13:24] [Debug] UCI Input: ucinewgame
[2025-11-20 21:13:24] [Warn] Unknown command: ucinewgame
[2025-11-20 21:13:24] [Debug] UCI Input: position startpos
[2025-11-20 21:13:36] [Debug] UCI Input: position startpos moves d2d4
[2025-11-20 21:13:36] [Debug] UCI Input: isready
[2025-11-20 21:13:36] [Debug] UCI Input: go wtime 288698 btime 300000 movestogo 40
[2025-11-20 21:13:51] [Debug] UCI Input: position startpos moves d2d4 b8c6 d4d5
[2025-11-20 21:13:51] [Debug] UCI Input: isready
[2025-11-20 21:13:51] [Debug] UCI Input: go wtime 280997 btime 292498 movestogo 39
[2025-11-20 21:14:09] [Debug] UCI Input: position startpos moves d2d4 b8c6 d4d5 c6e5 e2e4
[2025-11-20 21:14:09] [Debug] UCI Input: isready
[2025-11-20 21:14:09] [Debug] UCI Input: go wtime 269796 btime 284977 movestogo 38
[2025-11-20 21:14:28] [Debug] UCI Input: position startpos moves d2d4 b8c6 d4d5 c6e5 e2e4 g8f6 f2f4
[2025-11-20 21:14:28] [Debug] UCI Input: isready
[2025-11-20 21:14:28] [Debug] UCI Input: go wtime 258574 btime 277468 movestogo 37
[2025-11-20 21:14:43] [Debug] UCI Input: position startpos moves d2d4 b8c6 d4d5 c6e5 e2e4 g8f6 f2f4 e5g6 e4e5
[2025-11-20 21:14:43] [Debug] UCI Input: isready
[2025-11-20 21:14:43] [Debug] UCI Input: go wtime 250949 btime 269949 movestogo 36
[2025-11-20 21:15:10] [Debug] UCI Input: position startpos moves d2d4 b8c6 d4d5 c6e5 e2e4 g8f6 f2f4 e5g6 e4e5 f6e4 f4f5
[2025-11-20 21:15:10] [Debug] UCI Input: isready
[2025-11-20 21:15:10] [Debug] UCI Input: go wtime 231705 btime 262433 movestogo 35
[2025-11-20 21:15:18] [Debug] UCI Input: stop
[2025-11-20 21:15:18] [Warn] Unknown command: stop
[2025-11-20 21:15:18] [Debug] UCI Input: isready
[2025-11-20 21:17:21] [Info] Gyatso Chess Engine Started
[2025-11-20 21:17:21] [Info] Attack tables precomputed.
[2025-11-20 21:17:23] [Info] Magic bitboards initialized.
[2025-11-20 21:17:23] [Info] Zobrist keys initialized.
[2025-11-20 21:17:23] [Info] Transposition Table initialized.
[2025-11-20 21:17:23] [Debug] UCI Input: uci
[2025-11-20 21:17:23] [Debug] UCI Input: isready
[2025-11-20 21:17:23] [Debug] UCI Input: ucinewgame
[2025-11-20 21:17:23] [Warn] Unknown command: ucinewgame
[2025-11-20 21:17:23] [Debug] UCI Input: position startpos
[2025-11-20 21:17:23] [Debug] UCI Input: position startpos moves d2d4
[2025-11-20 21:17:23] [Debug] UCI Input: position startpos moves d2d4 g8f6
[2025-11-20 21:17:23] [Debug] UCI Input: position startpos moves d2d4 g8f6 g1f3
[2025-11-20 21:17:23] [Debug] UCI Input: position startpos moves d2d4 g8f6 g1f3 d7d5
[2025-11-20 21:17:23] [Debug] UCI Input: position startpos moves d2d4 g8f6 g1f3 d7d5 c2c4
[2025-11-20 21:17:23] [Debug] UCI Input: position startpos moves d2d4 g8f6 g1f3 d7d5 c2c4 e7e6
[2025-11-20 21:17:23] [Debug] UCI Input: position startpos moves d2d4 g8f6 g1f3 d7d5 c2c4 e7e6 b1c3
[2025-11-20 21:17:23] [Debug] UCI Input: position startpos moves d2d4 g8f6 g1f3 d7d5 c2c4 e7e6 b1c3 c7c6
[2025-11-20 21:17:23] [Debug] UCI Input: position startpos moves d2d4 g8f6 g1f3 d7d5 c2c4 e7e6 b1c3 c7c6 c1g5
[2025-11-20 21:17:23] [Debug] UCI Input: position startpos moves d2d4 g8f6 g1f3 d7d5 c2c4 e7e6 b1c3 c7c6 c1g5 f8e7
[2025-11-20 21:17:23] [Debug] UCI Input: position startpos moves d2d4 g8f6 g1f3 d7d5 c2c4 e7e6 b1c3 c7c6 c1g5 f8e7 e2e3
[2025-11-20 21:17:23] [Debug] UCI Input: position startpos moves d2d4 g8f6 g1f3 d7d5 c2c4 e7e6 b1c3 c7c6 c1g5 f8e7 e2e3 e8g8
[2025-11-20 21:17:23] [Debug] UCI Input: position startpos moves d2d4 g8f6 g1f3 d7d5 c2c4 e7e6 b1c3 c7c6 c1g5 f8e7 e2e3 e8g8 a1c1
[2025-11-20 21:17:23] [Debug] UCI Input: position startpos moves d2d4 g8f6 g1f3 d7d5 c2c4 e7e6 b1c3 c7c6 c1g5 f8e7 e2e3 e8g8 a1c1 b8d7
[2025-11-20 21:17:23] [Debug] UCI Input: position startpos moves d2d4 g8f6 g1f3 d7d5 c2c4 e7e6 b1c3 c7c6 c1g5 f8e7 e2e3 e8g8 a1c1 b8d7 f1d3
[2025-11-20 21:17:23] [Debug] UCI Input: position startpos moves d2d4 g8f6 g1f3 d7d5 c2c4 e7e6 b1c3 c7c6 c1g5 f8e7 e2e3 e8g8 a1c1 b8d7 f1d3 d5c4
[2025-11-20 21:17:23] [Debug] UCI Input: position startpos moves d2d4 g8f6 g1f3 d7d5 c2c4 e7e6 b1c3 c7c6 c1g5 f8e7 e2e3 e8g8 a1c1 b8d7 f1d3 d5c4 d3c4
[2025-11-20 21:17:23] [Debug] UCI Input: position startpos moves d2d4 g8f6 g1f3 d7d5 c2c4 e7e6 b1c3 c7c6 c1g5 f8e7 e2e3 e8g8 a1c1 b8d7 f1d3 d5c4 d3c4 f6d5
[2025-11-20 21:17:23] [Debug] UCI Input: position startpos moves d2d4 g8f6 g1f3 d7d5 c2c4 e7e6 b1c3 c7c6 c1g5 f8e7 e2e3 e8g8 a1c1 b8d7 f1d3 d5c4 d3c4 f6d5 g5e7
[2025-11-20 21:17:23] [Debug] UCI Input: position startpos moves d2d4 g8f6 g1f3 d7d5 c2c4 e7e6 b1c3 c7c6 c1g5 f8e7 e2e3 e8g8 a1c1 b8d7 f1d3 d5c4 d3c4 f6d5 g5e7 d8e7
[2025-11-20 21:17:23] [Debug] UCI Input: isready
[2025-11-20 21:17:23] [Debug] UCI Input: go wtime 300000 btime 300000 movestogo 30
[2025-11-20 21:17:52] [Debug] UCI Input: position startpos moves d2d4 g8f6 g1f3 d7d5 c2c4 e7e6 b1c3 c7c6 c1g5 f8e7 e2e3 e8g8 a1c1 b8d7 f1d3 d5c4 d3c4 f6d5 g5e7 d8e7 c3d5 e6d5
[2025-11-20 21:17:52] [Debug] UCI Input: isready
[2025-11-20 21:17:52] [Debug] UCI Input: go wtime 289978 btime 280847 movestogo 29
[2025-11-20 21:18:12] [Debug] UCI Input: position startpos moves d2d4 g8f6 g1f3 d7d5 c2c4 e7e6 b1c3 c7c6 c1g5 f8e7 e2e3 e8g8 a1c1 b8d7 f1d3 d5c4 d3c4 f6d5 g5e7 d8e7 c3d5 e6d5 c4d3 d7f6
[2025-11-20 21:18:12] [Debug] UCI Input: isready
[2025-11-20 21:18:12] [Debug] UCI Input: go wtime 279965 btime 271150 movestogo 28
[2025-11-20 21:18:32] [Debug] UCI Input: position startpos moves d2d4 g8f6 g1f3 d7d5 c2c4 e7e6 b1c3 c7c6 c1g5 f8e7 e2e3 e8g8 a1c1 b8d7 f1d3 d5c4 d3c4 f6d5 g5e7 d8e7 c3d5 e6d5 c4d3 d7f6 f3e5 f6e4
[2025-11-20 21:18:32] [Debug] UCI Input: isready
[2025-11-20 21:18:32] [Debug] UCI Input: go wtime 269964 btime 261443 movestogo 27
[2025-11-20 21:18:54] [Debug] UCI Input: position startpos moves d2d4 g8f6 g1f3 d7d5 c2c4 e7e6 b1c3 c7c6 c1g5 f8e7 e2e3 e8g8 a1c1 b8d7 f1d3 d5c4 d3c4 f6d5 g5e7 d8e7 c3d5 e6d5 c4d3 d7f6 f3e5 f6e4 e1f1 c8f5
[2025-11-20 21:18:54] [Debug] UCI Input: isready
[2025-11-20 21:18:54] [Debug] UCI Input: go wtime 259949 btime 249275 movestogo 26
[2025-11-20 21:19:16] [Debug] UCI Input: position startpos moves d2d4 g8f6 g1f3 d7d5 c2c4 e7e6 b1c3 c7c6 c1g5 f8e7 e2e3 e8g8 a1c1 b8d7 f1d3 d5c4 d3c4 f6d5 g5e7 d8e7 c3d5 e6d5 c4d3 d7f6 f3e5 f6e4 e1f1 c8f5 c1c2 h7h6
[2025-11-20 21:19:16] [Debug] UCI Input: isready
[2025-11-20 21:19:16] [Debug] UCI Input: go wtime 249930 btime 237700 movestogo 25
[2025-11-20 21:19:36] [Debug] UCI Input: position startpos moves d2d4 g8f6 g1f3 d7d5 c2c4 e7e6 b1c3 c7c6 c1g5 f8e7 e2e3 e8g8 a1c1 b8d7 f1d3 d5c4 d3c4 f6d5 g5e7 d8e7 c3d5 e6d5 c4d3 d7f6 f3e5 f6e4 e1f1 c8f5 c1c2 h7h6 e5g4 c6c5
[2025-11-20 21:19:36] [Debug] UCI Input: isready
[2025-11-20 21:19:36] [Debug] UCI Input: go wtime 239931 btime 227188 movestogo 24
[2025-11-20 21:19:57] [Debug] UCI Input: position startpos moves d2d4 g8f6 g1f3 d7d5 c2c4 e7e6 b1c3 c7c6 c1g5 f8e7 e2e3 e8g8 a1c1 b8d7 f1d3 d5c4 d3c4 f6d5 g5e7 d8e7 c3d5 e6d5 c4d3 d7f6 f3e5 f6e4 e1f1 c8f5 c1c2 h7h6 e5g4 c6c5 g4e5 c5c4
[2025-11-20 21:19:57] [Debug] UCI Input: isready
[2025-11-20 21:19:57] [Debug] UCI Input: go wtime 229913 btime 216383 movestogo 23
[2025-11-20 21:20:19] [Debug] UCI Input: position startpos moves d2d4 g8f6 g1f3 d7d5 c2c4 e7e6 b1c3 c7c6 c1g5 f8e7 e2e3 e8g8 a1c1 b8d7 f1d3 d5c4 d3c4 f6d5 g5e7 d8e7 c3d5 e6d5 c4d3 d7f6 f3e5 f6e4 e1f1 c8f5 c1c2 h7h6 e5g4 c6c5 g4e5 c5c4 d3e4 f5e4
[2025-11-20 21:20:19] [Debug] UCI Input: isready
[2025-11-20 21:20:19] [Debug] UCI Input: go wtime 219902 btime 204810 movestogo 22
[2025-11-20 21:20:40] [Debug] UCI Input: position startpos moves d2d4 g8f6 g1f3 d7d5 c2c4 e7e6 b1c3 c7c6 c1g5 f8e7 e2e3 e8g8 a1c1 b8d7 f1d3 d5c4 d3c4 f6d5 g5e7 d8e7 c3d5 e6d5 c4d3 d7f6 f3e5 f6e4 e1f1 c8f5 c1c2 h7h6 e5g4 c6c5 g4e5 c5c4 d3e4 f5e4 c2d2 f7f6
[2025-11-20 21:20:40] [Debug] UCI Input: isready
[2025-11-20 21:20:40] [Debug] UCI Input: go wtime 209905 btime 193561 movestogo 21
[2025-11-20 21:20:57] [Debug] UCI Input: position startpos moves d2d4 g8f6 g1f3 d7d5 c2c4 e7e6 b1c3 c7c6 c1g5 f8e7 e2e3 e8g8 a1c1 b8d7 f1d3 d5c4 d3c4 f6d5 g5e7 d8e7 c3d5 e6d5 c4d3 d7f6 f3e5 f6e4 e1f1 c8f5 c1c2 h7h6 e5g4 c6c5 g4e5 c5c4 d3e4 f5e4 c2d2 f7f6 e5f3 b7b5
[2025-11-20 21:20:57] [Debug] UCI Input: isready
[2025-11-20 21:20:57] [Debug] UCI Input: go wtime 199906 btime 186117 movestogo 20
[2025-11-20 21:21:18] [Debug] UCI Input: position startpos moves d2d4 g8f6 g1f3 d7d5 c2c4 e7e6 b1c3 c7c6 c1g5 f8e7 e2e3 e8g8 a1c1 b8d7 f1d3 d5c4 d3c4 f6d5 g5e7 d8e7 c3d5 e6d5 c4d3 d7f6 f3e5 f6e4 e1f1 c8f5 c1c2 h7h6 e5g4 c6c5 g4e5 c5c4 d3e4 f5e4 c2d2 f7f6 e5f3 b7b5 f3g1 b5b4
[2025-11-20 21:21:18] [Debug] UCI Input: isready
[2025-11-20 21:21:18] [Debug] UCI Input: go wtime 189892 btime 175632 movestogo 19
[2025-11-20 21:21:39] [Debug] UCI Input: position startpos moves d2d4 g8f6 g1f3 d7d5 c2c4 e7e6 b1c3 c7c6 c1g5 f8e7 e2e3 e8g8 a1c1 b8d7 f1d3 d5c4 d3c4 f6d5 g5e7 d8e7 c3d5 e6d5 c4d3 d7f6 f3e5 f6e4 e1f1 c8f5 c1c2 h7h6 e5g4 c6c5 g4e5 c5c4 d3e4 f5e4 c2d2 f7f6 e5f3 b7b5 f3g1 b5b4 g1e2 a8c8
[2025-11-20 21:21:39] [Debug] UCI Input: isready
[2025-11-20 21:21:39] [Debug] UCI Input: go wtime 179887 btime 164483 movestogo 18
[2025-11-20 21:22:20] [Debug] UCI Input: position startpos moves d2d4 g8f6 g1f3 d7d5 c2c4 e7e6 b1c3 c7c6 c1g5 f8e7 e2e3 e8g8 a1c1 b8d7 f1d3 d5c4 d3c4 f6d5 g5e7 d8e7 c3d5 e6d5 c4d3 d7f6 f3e5 f6e4 e1f1 c8f5 c1c2 h7h6 e5g4 c6c5 g4e5 c5c4 d3e4 f5e4 c2d2 f7f6 e5f3 b7b5 f3g1 b5b4 g1e2 a8c8 e2f4 g7g5
[2025-11-20 21:22:20] [Debug] UCI Input: isready
[2025-11-20 21:22:20] [Debug] UCI Input: go wtime 169873 btime 133789 movestogo 17
[2025-11-20 21:22:36] [Debug] UCI Input: position startpos moves d2d4 g8f6 g1f3 d7d5 c2c4 e7e6 b1c3 c7c6 c1g5 f8e7 e2e3 e8g8 a1c1 b8d7 f1d3 d5c4 d3c4 f6d5 g5e7 d8e7 c3d5 e6d5 c4d3 d7f6 f3e5 f6e4 e1f1 c8f5 c1c2 h7h6 e5g4 c6c5 g4e5 c5c4 d3e4 f5e4 c2d2 f7f6 e5f3 b7b5 f3g1 b5b4 g1e2 a8c8 e2f4 g7g5 d1g4 c4c3
[2025-11-20 21:22:36] [Debug] UCI Input: isready
[2025-11-20 21:22:36] [Debug] UCI Input: go wtime 159859 btime 127694 movestogo 16
[2025-11-20 21:22:54] [Debug] UCI Input: position startpos moves d2d4 g8f6 g1f3 d7d5 c2c4 e7e6 b1c3 c7c6 c1g5 f8e7 e2e3 e8g8 a1c1 b8d7 f1d3 d5c4 d3c4 f6d5 g5e7 d8e7 c3d5 e6d5 c4d3 d7f6 f3e5 f6e4 e1f1 c8f5 c1c2 h7h6 e5g4 c6c5 g4e5 c5c4 d3e4 f5e4 c2d2 f7f6 e5f3 b7b5 f3g1 b5b4 g1e2 a8c8 e2f4 g7g5 d1g4 c4c3 b2c3 b4c3
[2025-11-20 21:22:54] [Debug] UCI Input: isready
[2025-11-20 21:22:54] [Debug] UCI Input: go wtime 149863 btime 119152 movestogo 15
[2025-11-20 21:23:13] [Debug] UCI Input: position startpos moves d2d4 g8f6 g1f3 d7d5 c2c4 e7e6 b1c3 c7c6 c1g5 f8e7 e2e3 e8g8 a1c1 b8d7 f1d3 d5c4 d3c4 f6d5 g5e7 d8e7 c3d5 e6d5 c4d3 d7f6 f3e5 f6e4 e1f1 c8f5 c1c2 h7h6 e5g4 c6c5 g4e5 c5c4 d3e4 f5e4 c2d2 f7f6 e5f3 b7b5 f3g1 b5b4 g1e2 a8c8 e2f4 g7g5 d1g4 c4c3 b2c3 b4c3 d2d1 f6f5
[2025-11-20 21:23:13] [Debug] UCI Input: isready
[2025-11-20 21:23:13] [Debug] UCI Input: go wtime 139855 btime 111082 movestogo 14
[2025-11-20 21:23:29] [Debug] UCI Input: position startpos moves d2d4 g8f6 g1f3 d7d5 c2c4 e7e6 b1c3 c7c6 c1g5 f8e7 e2e3 e8g8 a1c1 b8d7 f1d3 d5c4 d3c4 f6d5 g5e7 d8e7 c3d5 e6d5 c4d3 d7f6 f3e5 f6e4 e1f1 c8f5 c1c2 h7h6 e5g4 c6c5 g4e5 c5c4 d3e4 f5e4 c2d2 f7f6 e5f3 b7b5 f3g1 b5b4 g1e2 a8c8 e2f4 g7g5 d1g4 c4c3 b2c3 b4c3 d2d1 f6f5 g4g3 e7a3
[2025-11-20 21:23:29] [Debug] UCI Input: isready
[2025-11-20 21:23:29] [Debug] UCI Input: go wtime 129865 btime 104790 movestogo 13
[2025-11-20 21:23:53] [Debug] UCI Input: position startpos moves d2d4 g8f6 g1f3 d7d5 c2c4 e7e6 b1c3 c7c6 c1g5 f8e7 e2e3 e8g8 a1c1 b8d7 f1d3 d5c4 d3c4 f6d5 g5e7 d8e7 c3d5 e6d5 c4d3 d7f6 f3e5 f6e4 e1f1 c8f5 c1c2 h7h6 e5g4 c6c5 g4e5 c5c4 d3e4 f5e4 c2d2 f7f6 e5f3 b7b5 f3g1 b5b4 g1e2 a8c8 e2f4 g7g5 d1g4 c4c3 b2c3 b4c3 d2d1 f6f5 g4g3 e7a3 f4e2 c3c2
[2025-11-20 21:23:53] [Debug] UCI Input: isready
[2025-11-20 21:23:53] [Debug] UCI Input: go wtime 119871 btime 90263 movestogo 12
[2025-11-20 21:24:11] [Debug] UCI Input: position startpos moves d2d4 g8f6 g1f3 d7d5 c2c4 e7e6 b1c3 c7c6 c1g5 f8e7 e2e3 e8g8 a1c1 b8d7 f1d3 d5c4 d3c4 f6d5 g5e7 d8e7 c3d5 e6d5 c4d3 d7f6 f3e5 f6e4 e1f1 c8f5 c1c2 h7h6 e5g4 c6c5 g4e5 c5c4 d3e4 f5e4 c2d2 f7f6 e5f3 b7b5 f3g1 b5b4 g1e2 a8c8 e2f4 g7g5 d1g4 c4c3 b2c3 b4c3 d2d1 f6f5 g4g3 e7a3 f4e2 c3c2 d1c1 e4d3
[2025-11-20 21:24:11] [Debug] UCI Input: isready
[2025-11-20 21:24:11] [Debug] UCI Input: go wtime 109873 btime 82737 movestogo 11
[2025-11-20 21:24:31] [Debug] UCI Input: position startpos moves d2d4 g8f6 g1f3 d7d5 c2c4 e7e6 b1c3 c7c6 c1g5 f8e7 e2e3 e8g8 a1c1 b8d7 f1d3 d5c4 d3c4 f6d5 g5e7 d8e7 c3d5 e6d5 c4d3 d7f6 f3e5 f6e4 e1f1 c8f5 c1c2 h7h6 e5g4 c6c5 g4e5 c5c4 d3e4 f5e4 c2d2 f7f6 e5f3 b7b5 f3g1 b5b4 g1e2 a8c8 e2f4 g7g5 d1g4 c4c3 b2c3 b4c3 d2d1 f6f5 g4g3 e7a3 f4e2 c3c2 d1c1 e4d3 f1e1 a3a5
[2025-11-20 21:24:31] [Debug] UCI Input: isready
[2025-11-20 21:24:31] [Debug] UCI Input: go wtime 99883 btime 72924 movestogo 10
[2025-11-20 21:24:54] [Debug] UCI Input: position startpos moves d2d4 g8f6 g1f3 d7d5 c2c4 e7e6 b1c3 c7c6 c1g5 f8e7 e2e3 e8g8 a1c1 b8d7 f1d3 d5c4 d3c4 f6d5 g5e7 d8e7 c3d5 e6d5 c4d3 d7f6 f3e5 f6e4 e1f1 c8f5 c1c2 h7h6 e5g4 c6c5 g4e5 c5c4 d3e4 f5e4 c2d2 f7f6 e5f3 b7b5 f3g1 b5b4 g1e2 a8c8 e2f4 g7g5 d1g4 c4c3 b2c3 b4c3 d2d1 f6f5 g4g3 e7a3 f4e2 c3c2 d1c1 e4d3 f1e1 a3a5 e1f1 a5d2
[2025-11-20 21:24:54] [Debug] UCI Input: isready
[2025-11-20 21:24:54] [Debug] UCI Input: go wtime 89890 btime 59602 movestogo 9
[2025-11-20 21:25:11] [Debug] UCI Input: position startpos moves d2d4 g8f6 g1f3 d7d5 c2c4 e7e6 b1c3 c7c6 c1g5 f8e7 e2e3 e8g8 a1c1 b8d7 f1d3 d5c4 d3c4 f6d5 g5e7 d8e7 c3d5 e6d5 c4d3 d7f6 f3e5 f6e4 e1f1 c8f5 c1c2 h7h6 e5g4 c6c5 g4e5 c5c4 d3e4 f5e4 c2d2 f7f6 e5f3 b7b5 f3g1 b5b4 g1e2 a8c8 e2f4 g7g5 d1g4 c4c3 b2c3 b4c3 d2d1 f6f5 g4g3 e7a3 f4e2 c3c2 d1c1 e4d3 f1e1 a3a5 e1f1 a5d2 f2f4 d3e2
[2025-11-20 21:25:11] [Debug] UCI Input: isready
[2025-11-20 21:25:11] [Debug] UCI Input: go wtime 79885 btime 52707 movestogo 8
[2025-11-20 21:25:28] [Debug] UCI Input: position startpos moves d2d4 g8f6 g1f3 d7d5 c2c4 e7e6 b1c3 c7c6 c1g5 f8e7 e2e3 e8g8 a1c1 b8d7 f1d3 d5c4 d3c4 f6d5 g5e7 d8e7 c3d5 e6d5 c4d3 d7f6 f3e5 f6e4 e1f1 c8f5 c1c2 h7h6 e5g4 c6c5 g4e5 c5c4 d3e4 f5e4 c2d2 f7f6 e5f3 b7b5 f3g1 b5b4 g1e2 a8c8 e2f4 g7g5 d1g4 c4c3 b2c3 b4c3 d2d1 f6f5 g4g3 e7a3 f4e2 c3c2 d1c1 e4d3 f1e1 a3a5 e1f1 a5d2 f2f4 d3e2 f1g1 d2c1
[2025-11-20 21:25:28] [Debug] UCI Input: isready
[2025-11-20 21:25:28] [Debug] UCI Input: go wtime 69899 btime 46115 movestogo 7
[2025-11-20 21:25:44] [Debug] UCI Input: position startpos moves d2d4 g8f6 g1f3 d7d5 c2c4 e7e6 b1c3 c7c6 c1g5 f8e7 e2e3 e8g8 a1c1 b8d7 f1d3 d5c4 d3c4 f6d5 g5e7 d8e7 c3d5 e6d5 c4d3 d7f6 f3e5 f6e4 e1f1 c8f5 c1c2 h7h6 e5g4 c6c5 g4e5 c5c4 d3e4 f5e4 c2d2 f7f6 e5f3 b7b5 f3g1 b5b4 g1e2 a8c8 e2f4 g7g5 d1g4 c4c3 b2c3 b4c3 d2d1 f6f5 g4g3 e7a3 f4e2 c3c2 d1c1 e4d3 f1e1 a3a5 e1f1 a5d2 f2f4 d3e2 f1g1 d2c1 g1f2 c1h1
[2025-11-20 21:25:44] [Debug] UCI Input: isready
[2025-11-20 21:25:44] [Debug] UCI Input: go wtime 59894 btime 39516 movestogo 6
[2025-11-20 21:26:01] [Debug] UCI Input: position startpos moves d2d4 g8f6 g1f3 d7d5 c2c4 e7e6 b1c3 c7c6 c1g5 f8e7 e2e3 e8g8 a1c1 b8d7 f1d3 d5c4 d3c4 f6d5 g5e7 d8e7 c3d5 e6d5 c4d3 d7f6 f3e5 f6e4 e1f1 c8f5 c1c2 h7h6 e5g4 c6c5 g4e5 c5c4 d3e4 f5e4 c2d2 f7f6 e5f3 b7b5 f3g1 b5b4 g1e2 a8c8 e2f4 g7g5 d1g4 c4c3 b2c3 b4c3 d2d1 f6f5 g4g3 e7a3 f4e2 c3c2 d1c1 e4d3 f1e1 a3a5 e1f1 a5d2 f2f4 d3e2 f1g1 d2c1 g1f2 c1h1 f2e2 c2c1q
[2025-11-20 21:26:01] [Debug] UCI Input: isready
[2025-11-20 21:26:01] [Debug] UCI Input: go wtime 49906 btime 32914 movestogo 5
[2025-11-20 21:26:14] [Debug] UCI Input: position startpos moves d2d4 g8f6 g1f3 d7d5 c2c4 e7e6 b1c3 c7c6 c1g5 f8e7 e2e3 e8g8 a1c1 b8d7 f1d3 d5c4 d3c4 f6d5 g5e7 d8e7 c3d5 e6d5 c4d3 d7f6 f3e5 f6e4 e1f1 c8f5 c1c2 h7h6 e5g4 c6c5 g4e5 c5c4 d3e4 f5e4 c2d2 f7f6 e5f3 b7b5 f3g1 b5b4 g1e2 a8c8 e2f4 g7g5 d1g4 c4c3 b2c3 b4c3 d2d1 f6f5 g4g3 e7a3 f4e2 c3c2 d1c1 e4d3 f1e1 a3a5 e1f1 a5d2 f2f4 d3e2 f1g1 d2c1 g1f2 c1h1 f2e2 c2c1q g3g5 h6g5
[2025-11-20 21:26:14] [Debug] UCI Input: isready
[2025-11-20 21:26:14] [Debug] UCI Input: go wtime 39924 btime 30240 movestogo 4
[2025-11-20 21:26:25] [Debug] UCI Input: position startpos moves d2d4 g8f6 g1f3 d7d5 c2c4 e7e6 b1c3 c7c6 c1g5 f8e7 e2e3 e8g8 a1c1 b8d7 f1d3 d5c4 d3c4 f6d5 g5e7 d8e7 c3d5 e6d5 c4d3 d7f6 f3e5 f6e4 e1f1 c8f5 c1c2 h7h6 e5g4 c6c5 g4e5 c5c4 d3e4 f5e4 c2d2 f7f6 e5f3 b7b5 f3g1 b5b4 g1e2 a8c8 e2f4 g7g5 d1g4 c4c3 b2c3 b4c3 d2d1 f6f5 g4g3 e7a3 f4e2 c3c2 d1c1 e4d3 f1e1 a3a5 e1f1 a5d2 f2f4 d3e2 f1g1 d2c1 g1f2 c1h1 f2e2 c2c1q g3g5 h6g5 e2f2 c1c2
[2025-11-20 21:26:25] [Debug] UCI Input: isready
[2025-11-20 21:26:25] [Debug] UCI Input: go wtime 29938 btime 29102 movestogo 3
[2025-11-20 21:26:36] [Debug] UCI Input: position startpos moves d2d4 g8f6 g1f3 d7d5 c2c4 e7e6 b1c3 c7c6 c1g5 f8e7 e2e3 e8g8 a1c1 b8d7 f1d3 d5c4 d3c4 f6d5 g5e7 d8e7 c3d5 e6d5 c4d3 d7f6 f3e5 f6e4 e1f1 c8f5 c1c2 h7h6 e5g4 c6c5 g4e5 c5c4 d3e4 f5e4 c2d2 f7f6 e5f3 b7b5 f3g1 b5b4 g1e2 a8c8 e2f4 g7g5 d1g4 c4c3 b2c3 b4c3 d2d1 f6f5 g4g3 e7a3 f4e2 c3c2 d1c1 e4d3 f1e1 a3a5 e1f1 a5d2 f2f4 d3e2 f1g1 d2c1 g1f2 c1h1 f2e2 c2c1q g3g5 h6g5 e2f2 c1c2 f2f3 h1g2
[2025-11-20 21:26:36] [Debug] UCI Input: isready
[2025-11-20 21:27:05] [Info] Gyatso Chess Engine Started
[2025-11-20 21:27:05] [Info] Attack tables precomputed.
[2025-11-20 21:27:07] [Debug] UCI Input: quit
[2025-11-20 21:27:07] [Info] Engine exiting.
[2025-11-20 21:27:07] [Info] Magic bitboards initialized.
[2025-11-20 21:27:07] [Info] Zobrist keys initialized.
[2025-11-20 21:27:07] [Info] Transposition Table initialized.
[2025-11-20 21:27:07] [Debug] UCI Input: uci
[2025-11-20 21:27:07] [Debug] UCI Input: isready
[2025-11-20 21:27:07] [Debug] UCI Input: isready
[2025-11-20 21:27:40] [Info] Gyatso Chess Engine Started
[2025-11-20 21:27:40] [Info] Attack tables precomputed.
[2025-11-20 21:27:42] [Info] Magic bitboards initialized.
[2025-11-20 21:27:42] [Info] Zobrist keys initialized.
[2025-11-20 21:27:42] [Info] Transposition Table initialized.
[2025-11-20 21:27:42] [Debug] UCI Input: uci
[2025-11-20 21:27:42] [Debug] UCI Input: isready
[2025-11-20 21:27:42] [Debug] UCI Input: ucinewgame
[2025-11-20 21:27:42] [Warn] Unknown command: ucinewgame
[2025-11-20 21:27:42] [Debug] UCI Input: position startpos
[2025-11-20 21:27:42] [Debug] UCI Input: position startpos moves e2e4
[2025-11-20 21:27:42] [Debug] UCI Input: position startpos moves e2e4 c7c5
[2025-11-20 21:27:42] [Debug] UCI Input: position startpos moves e2e4 c7c5 g1f3
[2025-11-20 21:27:42] [Debug] UCI Input: position startpos moves e2e4 c7c5 g1f3 d7d6
[2025-11-20 21:27:42] [Debug] UCI Input: position startpos moves e2e4 c7c5 g1f3 d7d6 d2d4
[2025-11-20 21:27:42] [Debug] UCI Input: position startpos moves e2e4 c7c5 g1f3 d7d6 d2d4 c5d4
[2025-11-20 21:27:42] [Debug] UCI Input: position startpos moves e2e4 c7c5 g1f3 d7d6 d2d4 c5d4 f3d4
[2025-11-20 21:27:42] [Debug] UCI Input: position startpos moves e2e4 c7c5 g1f3 d7d6 d2d4 c5d4 f3d4 g8f6
[2025-11-20 21:27:42] [Debug] UCI Input: position startpos moves e2e4 c7c5 g1f3 d7d6 d2d4 c5d4 f3d4 g8f6 b1c3
[2025-11-20 21:27:42] [Debug] UCI Input: position startpos moves e2e4 c7c5 g1f3 d7d6 d2d4 c5d4 f3d4 g8f6 b1c3 a7a6
[2025-11-20 21:27:42] [Debug] UCI Input: position startpos moves e2e4 c7c5 g1f3 d7d6 d2d4 c5d4 f3d4 g8f6 b1c3 a7a6 c1e3
[2025-11-20 21:27:42] [Debug] UCI Input: position startpos moves e2e4 c7c5 g1f3 d7d6 d2d4 c5d4 f3d4 g8f6 b1c3 a7a6 c1e3 e7e5
[2025-11-20 21:27:42] [Debug] UCI Input: position startpos moves e2e4 c7c5 g1f3 d7d6 d2d4 c5d4 f3d4 g8f6 b1c3 a7a6 c1e3 e7e5 d4b3
[2025-11-20 21:27:42] [Debug] UCI Input: position startpos moves e2e4 c7c5 g1f3 d7d6 d2d4 c5d4 f3d4 g8f6 b1c3 a7a6 c1e3 e7e5 d4b3 c8e6
[2025-11-20 21:27:42] [Debug] UCI Input: position startpos moves e2e4 c7c5 g1f3 d7d6 d2d4 c5d4 f3d4 g8f6 b1c3 a7a6 c1e3 e7e5 d4b3 c8e6 f2f3
[2025-11-20 21:27:42] [Debug] UCI Input: position startpos moves e2e4 c7c5 g1f3 d7d6 d2d4 c5d4 f3d4 g8f6 b1c3 a7a6 c1e3 e7e5 d4b3 c8e6 f2f3 h7h5
[2025-11-20 21:27:42] [Debug] UCI Input: position startpos moves e2e4 c7c5 g1f3 d7d6 d2d4 c5d4 f3d4 g8f6 b1c3 a7a6 c1e3 e7e5 d4b3 c8e6 f2f3 h7h5 d1d2
[2025-11-20 21:27:42] [Debug] UCI Input: position startpos moves e2e4 c7c5 g1f3 d7d6 d2d4 c5d4 f3d4 g8f6 b1c3 a7a6 c1e3 e7e5 d4b3 c8e6 f2f3 h7h5 d1d2 b8d7
[2025-11-20 21:27:42] [Debug] UCI Input: position startpos moves e2e4 c7c5 g1f3 d7d6 d2d4 c5d4 f3d4 g8f6 b1c3 a7a6 c1e3 e7e5 d4b3 c8e6 f2f3 h7h5 d1d2 b8d7 c3d5
[2025-11-20 21:27:42] [Debug] UCI Input: position startpos moves e2e4 c7c5 g1f3 d7d6 d2d4 c5d4 f3d4 g8f6 b1c3 a7a6 c1e3 e7e5 d4b3 c8e6 f2f3 h7h5 d1d2 b8d7 c3d5 e6d5
[2025-11-20 21:27:42] [Debug] UCI Input: isready
[2025-11-20 21:27:42] [Debug] UCI Input: go wtime 300000 btime 300000 movestogo 30
[2025-11-20 21:27:53] [Debug] UCI Input: quit
[2025-11-20 21:27:53] [Info] Engine exiting.
[2025-11-20 21:28:08] [Debug] UCI Input: position startpos moves e2e4 c7c5 g1f3 d7d6 d2d4 c5d4 f3d4 g8f6 b1c3 a7a6 c1e3 e7e5 d4b3 c8e6 f2f3 h7h5 d1d2 b8d7 c3d5 e6d5 e4d5 d7b6
[2025-11-20 21:28:08] [Debug] UCI Input: isready
[2025-11-20 21:28:08] [Debug] UCI Input: go wtime 290000 btime 283946 movestogo 29
[2025-11-20 21:28:31] [Debug] UCI Input: position startpos moves e2e4 c7c5 g1f3 d7d6 d2d4 c5d4 f3d4 g8f6 b1c3 a7a6 c1e3 e7e5 d4b3 c8e6 f2f3 h7h5 d1d2 b8d7 c3d5 e6d5 e4d5 d7b6 e3b6 d8b6
[2025-11-20 21:28:31] [Debug] UCI Input: isready
[2025-11-20 21:28:31] [Debug] UCI Input: go wtime 279999 btime 270987 movestogo 28
[2025-11-20 21:28:53] [Debug] UCI Input: position startpos moves e2e4 c7c5 g1f3 d7d6 d2d4 c5d4 f3d4 g8f6 b1c3 a7a6 c1e3 e7e5 d4b3 c8e6 f2f3 h7h5 d1d2 b8d7 c3d5 e6d5 e4d5 d7b6 e3b6 d8b6 f1c4 a8c8
[2025-11-20 21:28:53] [Debug] UCI Input: isready
[2025-11-20 21:28:53] [Debug] UCI Input: go wtime 269984 btime 259462 movestogo 27
[2025-11-20 21:29:14] [Debug] UCI Input: position startpos moves e2e4 c7c5 g1f3 d7d6 d2d4 c5d4 f3d4 g8f6 b1c3 a7a6 c1e3 e7e5 d4b3 c8e6 f2f3 h7h5 d1d2 b8d7 c3d5 e6d5 e4d5 d7b6 e3b6 d8b6 f1c4 a8c8 d2d3 b6b4
[2025-11-20 21:29:14] [Debug] UCI Input: isready
[2025-11-20 21:29:14] [Debug] UCI Input: go wtime 259973 btime 248447 movestogo 26
[2025-11-20 21:29:38] [Debug] UCI Input: position startpos moves e2e4 c7c5 g1f3 d7d6 d2d4 c5d4 f3d4 g8f6 b1c3 a7a6 c1e3 e7e5 d4b3 c8e6 f2f3 h7h5 d1d2 b8d7 c3d5 e6d5 e4d5 d7b6 e3b6 d8b6 f1c4 a8c8 d2d3 b6b4 b3d2 e8e7
[2025-11-20 21:29:38] [Debug] UCI Input: isready
[2025-11-20 21:29:38] [Debug] UCI Input: go wtime 249975 btime 234628 movestogo 25
[2025-11-20 21:30:03] [Debug] UCI Input: position startpos moves e2e4 c7c5 g1f3 d7d6 d2d4 c5d4 f3d4 g8f6 b1c3 a7a6 c1e3 e7e5 d4b3 c8e6 f2f3 h7h5 d1d2 b8d7 c3d5 e6d5 e4d5 d7b6 e3b6 d8b6 f1c4 a8c8 d2d3 b6b4 b3d2 e8e7 e1c1 b7b5
[2025-11-20 21:30:03] [Debug] UCI Input: isready
[2025-11-20 21:30:03] [Debug] UCI Input: go wtime 239974 btime 219291 movestogo 24
[2025-11-20 21:30:28] [Debug] UCI Input: position startpos moves e2e4 c7c5 g1f3 d7d6 d2d4 c5d4 f3d4 g8f6 b1c3 a7a6 c1e3 e7e5 d4b3 c8e6 f2f3 h7h5 d1d2 b8d7 c3d5 e6d5 e4d5 d7b6 e3b6 d8b6 f1c4 a8c8 d2d3 b6b4 b3d2 e8e7 e1c1 b7b5 c4b3 b4f4
[2025-11-20 21:30:28] [Debug] UCI Input: isready
[2025-11-20 21:30:28] [Debug] UCI Input: go wtime 229974 btime 203968 movestogo 23
[2025-11-20 21:30:53] [Debug] UCI Input: position startpos moves e2e4 c7c5 g1f3 d7d6 d2d4 c5d4 f3d4 g8f6 b1c3 a7a6 c1e3 e7e5 d4b3 c8e6 f2f3 h7h5 d1d2 b8d7 c3d5 e6d5 e4d5 d7b6 e3b6 d8b6 f1c4 a8c8 d2d3 b6b4 b3d2 e8e7 e1c1 b7b5 c4b3 b4f4 c1b1 e7d7
[2025-11-20 21:30:53] [Debug] UCI Input: isready
[2025-11-20 21:30:53] [Debug] UCI Input: go wtime 219970 btime 189355 movestogo 22
[2025-11-20 21:31:15] [Debug] UCI Input: position startpos moves e2e4 c7c5 g1f3 d7d6 d2d4 c5d4 f3d4 g8f6 b1c3 a7a6 c1e3 e7e5 d4b3 c8e6 f2f3 h7h5 d1d2 b8d7 c3d5 e6d5 e4d5 d7b6 e3b6 d8b6 f1c4 a8c8 d2d3 b6b4 b3d2 e8e7 e1c1 b7b5 c4b3 b4f4 c1b1 e7d7 d2e4 f8e7
[2025-11-20 21:31:15] [Debug] UCI Input: isready
[2025-11-20 21:31:15] [Debug] UCI Input: go wtime 209960 btime 177040 movestogo 21
[2025-11-20 21:31:38] [Debug] UCI Input: position startpos moves e2e4 c7c5 g1f3 d7d6 d2d4 c5d4 f3d4 g8f6 b1c3 a7a6 c1e3 e7e5 d4b3 c8e6 f2f3 h7h5 d1d2 b8d7 c3d5 e6d5 e4d5 d7b6 e3b6 d8b6 f1c4 a8c8 d2d3 b6b4 b3d2 e8e7 e1c1 b7b5 c4b3 b4f4 c1b1 e7d7 d2e4 f8e7 b1a1 f6e4
[2025-11-20 21:31:38] [Debug] UCI Input: isready
[2025-11-20 21:31:38] [Debug] UCI Input: go wtime 199956 btime 164863 movestogo 20
[2025-11-20 21:31:59] [Debug] UCI Input: position startpos moves e2e4 c7c5 g1f3 d7d6 d2d4 c5d4 f3d4 g8f6 b1c3 a7a6 c1e3 e7e5 d4b3 c8e6 f2f3 h7h5 d1d2 b8d7 c3d5 e6d5 e4d5 d7b6 e3b6 d8b6 f1c4 a8c8 d2d3 b6b4 b3d2 e8e7 e1c1 b7b5 c4b3 b4f4 c1b1 e7d7 d2e4 f8e7 b1a1 f6e4 f3e4 e7g5
[2025-11-20 21:31:59] [Debug] UCI Input: isready
[2025-11-20 21:31:59] [Debug] UCI Input: go wtime 189955 btime 153001 movestogo 19
[2025-11-20 21:32:24] [Debug] UCI Input: position startpos moves e2e4 c7c5 g1f3 d7d6 d2d4 c5d4 f3d4 g8f6 b1c3 a7a6 c1e3 e7e5 d4b3 c8e6 f2f3 h7h5 d1d2 b8d7 c3d5 e6d5 e4d5 d7b6 e3b6 d8b6 f1c4 a8c8 d2d3 b6b4 b3d2 e8e7 e1c1 b7b5 c4b3 b4f4 c1b1 e7d7 d2e4 f8e7 b1a1 f6e4 f3e4 e7g5 d1f1 f4g4
[2025-11-20 21:32:24] [Debug] UCI Input: isready
[2025-11-20 21:32:24] [Debug] UCI Input: go wtime 179957 btime 138480 movestogo 18
[2025-11-20 21:32:45] [Debug] UCI Input: position startpos moves e2e4 c7c5 g1f3 d7d6 d2d4 c5d4 f3d4 g8f6 b1c3 a7a6 c1e3 e7e5 d4b3 c8e6 f2f3 h7h5 d1d2 b8d7 c3d5 e6d5 e4d5 d7b6 e3b6 d8b6 f1c4 a8c8 d2d3 b6b4 b3d2 e8e7 e1c1 b7b5 c4b3 b4f4 c1b1 e7d7 d2e4 f8e7 b1a1 f6e4 f3e4 e7g5 d1f1 f4g4 f1f7 g5e7
[2025-11-20 21:32:45] [Debug] UCI Input: isready
[2025-11-20 21:32:45] [Debug] UCI Input: go wtime 169959 btime 127776 movestogo 17
[2025-11-20 21:33:07] [Debug] UCI Input: position startpos moves e2e4 c7c5 g1f3 d7d6 d2d4 c5d4 f3d4 g8f6 b1c3 a7a6 c1e3 e7e5 d4b3 c8e6 f2f3 h7h5 d1d2 b8d7 c3d5 e6d5 e4d5 d7b6 e3b6 d8b6 f1c4 a8c8 d2d3 b6b4 b3d2 e8e7 e1c1 b7b5 c4b3 b4f4 c1b1 e7d7 d2e4 f8e7 b1a1 f6e4 f3e4 e7g5 d1f1 f4g4 f1f7 g5e7 d3e3 d7e8
[2025-11-20 21:33:07] [Debug] UCI Input: isready
[2025-11-20 21:33:07] [Debug] UCI Input: go wtime 159947 btime 115653 movestogo 16
[2025-11-20 21:33:32] [Debug] UCI Input: position startpos moves e2e4 c7c5 g1f3 d7d6 d2d4 c5d4 f3d4 g8f6 b1c3 a7a6 c1e3 e7e5 d4b3 c8e6 f2f3 h7h5 d1d2 b8d7 c3d5 e6d5 e4d5 d7b6 e3b6 d8b6 f1c4 a8c8 d2d3 b6b4 b3d2 e8e7 e1c1 b7b5 c4b3 b4f4 c1b1 e7d7 d2e4 f8e7 b1a1 f6e4 f3e4 e7g5 d1f1 f4g4 f1f7 g5e7 d3e3 d7e8 f7f2 e7h4
[2025-11-20 21:33:32] [Debug] UCI Input: isready
[2025-11-20 21:33:32] [Debug] UCI Input: go wtime 149932 btime 100855 movestogo 15
[2025-11-20 21:34:00] [Debug] UCI Input: position startpos moves e2e4 c7c5 g1f3 d7d6 d2d4 c5d4 f3d4 g8f6 b1c3 a7a6 c1e3 e7e5 d4b3 c8e6 f2f3 h7h5 d1d2 b8d7 c3d5 e6d5 e4d5 d7b6 e3b6 d8b6 f1c4 a8c8 d2d3 b6b4 b3d2 e8e7 e1c1 b7b5 c4b3 b4f4 c1b1 e7d7 d2e4 f8e7 b1a1 f6e4 f3e4 e7g5 d1f1 f4g4 f1f7 g5e7 d3e3 d7e8 f7f2 e7h4 f2f1 c8a8
[2025-11-20 21:34:00] [Debug] UCI Input: isready
[2025-11-20 21:34:00] [Debug] UCI Input: go wtime 139929 btime 82767 movestogo 14
[2025-11-20 21:34:17] [Debug] UCI Input: position startpos moves e2e4 c7c5 g1f3 d7d6 d2d4 c5d4 f3d4 g8f6 b1c3 a7a6 c1e3 e7e5 d4b3 c8e6 f2f3 h7h5 d1d2 b8d7 c3d5 e6d5 e4d5 d7b6 e3b6 d8b6 f1c4 a8c8 d2d3 b6b4 b3d2 e8e7 e1c1 b7b5 c4b3 b4f4 c1b1 e7d7 d2e4 f8e7 b1a1 f6e4 f3e4 e7g5 d1f1 f4g4 f1f7 g5e7 d3e3 d7e8 f7f2 e7h4 f2f1 c8a8 h1g1 h4g5
[2025-11-20 21:34:17] [Debug] UCI Input: isready
[2025-11-20 21:34:17] [Debug] UCI Input: go wtime 129933 btime 75537 movestogo 13
[2025-11-20 21:34:35] [Debug] UCI Input: position startpos moves e2e4 c7c5 g1f3 d7d6 d2d4 c5d4 f3d4 g8f6 b1c3 a7a6 c1e3 e7e5 d4b3 c8e6 f2f3 h7h5 d1d2 b8d7 c3d5 e6d5 e4d5 d7b6 e3b6 d8b6 f1c4 a8c8 d2d3 b6b4 b3d2 e8e7 e1c1 b7b5 c4b3 b4f4 c1b1 e7d7 d2e4 f8e7 b1a1 f6e4 f3e4 e7g5 d1f1 f4g4 f1f7 g5e7 d3e3 d7e8 f7f2 e7h4 f2f1 c8a8 h1g1 h4g5 e3b6 g4d7
[2025-11-20 21:34:35] [Debug] UCI Input: isready
[2025-11-20 21:34:35] [Debug] UCI Input: go wtime 119938 btime 67412 movestogo 12
[2025-11-20 21:34:52] [Debug] UCI Input: position startpos moves e2e4 c7c5 g1f3 d7d6 d2d4 c5d4 f3d4 g8f6 b1c3 a7a6 c1e3 e7e5 d4b3 c8e6 f2f3 h7h5 d1d2 b8d7 c3d5 e6d5 e4d5 d7b6 e3b6 d8b6 f1c4 a8c8 d2d3 b6b4 b3d2 e8e7 e1c1 b7b5 c4b3 b4f4 c1b1 e7d7 d2e4 f8e7 b1a1 f6e4 f3e4 e7g5 d1f1 f4g4 f1f7 g5e7 d3e3 d7e8 f7f2 e7h4 f2f1 c8a8 h1g1 h4g5 e3b6 g4d7 f1f2 g5f6
[2025-11-20 21:34:52] [Debug] UCI Input: isready
[2025-11-20 21:34:52] [Debug] UCI Input: go wtime 109941 btime 60743 movestogo 11
[2025-11-20 21:35:08] [Debug] UCI Input: position startpos moves e2e4 c7c5 g1f3 d7d6 d2d4 c5d4 f3d4 g8f6 b1c3 a7a6 c1e3 e7e5 d4b3 c8e6 f2f3 h7h5 d1d2 b8d7 c3d5 e6d5 e4d5 d7b6 e3b6 d8b6 f1c4 a8c8 d2d3 b6b4 b3d2 e8e7 e1c1 b7b5 c4b3 b4f4 c1b1 e7d7 d2e4 f8e7 b1a1 f6e4 f3e4 e7g5 d1f1 f4g4 f1f7 g5e7 d3e3 d7e8 f7f2 e7h4 f2f1 c8a8 h1g1 h4g5 e3b6 g4d7 f1f2 g5f6 b6e3 f6h4
[2025-11-20 21:35:08] [Debug] UCI Input: isready
[2025-11-20 21:35:08] [Debug] UCI Input: go wtime 99941 btime 54196 movestogo 10
[2025-11-20 21:35:26] [Debug] UCI Input: position startpos moves e2e4 c7c5 g1f3 d7d6 d2d4 c5d4 f3d4 g8f6 b1c3 a7a6 c1e3 e7e5 d4b3 c8e6 f2f3 h7h5 d1d2 b8d7 c3d5 e6d5 e4d5 d7b6 e3b6 d8b6 f1c4 a8c8 d2d3 b6b4 b3d2 e8e7 e1c1 b7b5 c4b3 b4f4 c1b1 e7d7 d2e4 f8e7 b1a1 f6e4 f3e4 e7g5 d1f1 f4g4 f1f7 g5e7 d3e3 d7e8 f7f2 e7h4 f2f1 c8a8 h1g1 h4g5 e3b6 g4d7 f1f2 g5f6 b6e3 f6h4 f2f3 d7g4
[2025-11-20 21:35:26] [Debug] UCI Input: isready
[2025-11-20 21:35:26] [Debug] UCI Input: go wtime 89945 btime 46527 movestogo 9
[2025-11-20 21:35:42] [Debug] UCI Input: position startpos moves e2e4 c7c5 g1f3 d7d6 d2d4 c5d4 f3d4 g8f6 b1c3 a7a6 c1e3 e7e5 d4b3 c8e6 f2f3 h7h5 d1d2 b8d7 c3d5 e6d5 e4d5 d7b6 e3b6 d8b6 f1c4 a8c8 d2d3 b6b4 b3d2 e8e7 e1c1 b7b5 c4b3 b4f4 c1b1 e7d7 d2e4 f8e7 b1a1 f6e4 f3e4 e7g5 d1f1 f4g4 f1f7 g5e7 d3e3 d7e8 f7f2 e7h4 f2f1 c8a8 h1g1 h4g5 e3b6 g4d7 f1f2 g5f6 b6e3 f6h4 f2f3 d7g4 e3b6 g4d7
[2025-11-20 21:35:42] [Debug] UCI Input: isready
[2025-11-20 21:35:42] [Debug] UCI Input: go wtime 79911 btime 40203 movestogo 8
[2025-11-20 21:35:59] [Debug] UCI Input: position startpos moves e2e4 c7c5 g1f3 d7d6 d2d4 c5d4 f3d4 g8f6 b1c3 a7a6 c1e3 e7e5 d4b3 c8e6 f2f3 h7h5 d1d2 b8d7 c3d5 e6d5 e4d5 d7b6 e3b6 d8b6 f1c4 a8c8 d2d3 b6b4 b3d2 e8e7 e1c1 b7b5 c4b3 b4f4 c1b1 e7d7 d2e4 f8e7 b1a1 f6e4 f3e4 e7g5 d1f1 f4g4 f1f7 g5e7 d3e3 d7e8 f7f2 e7h4 f2f1 c8a8 h1g1 h4g5 e3b6 g4d7 f1f2 g5f6 b6e3 f6h4 f2f3 d7g4 e3b6 g4d7 f3c3 h8f8
[2025-11-20 21:35:59] [Debug] UCI Input: isready
[2025-11-20 21:35:59] [Debug] UCI Input: go wtime 69921 btime 33229 movestogo 7
[2025-11-20 21:36:15] [Debug] UCI Input: position startpos moves e2e4 c7c5 g1f3 d7d6 d2d4 c5d4 f3d4 g8f6 b1c3 a7a6 c1e3 e7e5 d4b3 c8e6 f2f3 h7h5 d1d2 b8d7 c3d5 e6d5 e4d5 d7b6 e3b6 d8b6 f1c4 a8c8 d2d3 b6b4 b3d2 e8e7 e1c1 b7b5 c4b3 b4f4 c1b1 e7d7 d2e4 f8e7 b1a1 f6e4 f3e4 e7g5 d1f1 f4g4 f1f7 g5e7 d3e3 d7e8 f7f2 e7h4 f2f1 c8a8 h1g1 h4g5 e3b6 g4d7 f1f2 g5f6 b6e3 f6h4 f2f3 d7g4 e3b6 g4d7 f3c3 h8f8 g1b1 h4f2
[2025-11-20 21:36:15] [Debug] UCI Input: isready
[2025-11-20 21:36:15] [Debug] UCI Input: go wtime 59927 btime 27535 movestogo 6
[2025-11-20 21:36:34] [Debug] UCI Input: position startpos moves e2e4 c7c5 g1f3 d7d6 d2d4 c5d4 f3d4 g8f6 b1c3 a7a6 c1e3 e7e5 d4b3 c8e6 f2f3 h7h5 d1d2 b8d7 c3d5 e6d5 e4d5 d7b6 e3b6 d8b6 f1c4 a8c8 d2d3 b6b4 b3d2 e8e7 e1c1 b7b5 c4b3 b4f4 c1b1 e7d7 d2e4 f8e7 b1a1 f6e4 f3e4 e7g5 d1f1 f4g4 f1f7 g5e7 d3e3 d7e8 f7f2 e7h4 f2f1 c8a8 h1g1 h4g5 e3b6 g4d7 f1f2 g5f6 b6e3 f6h4 f2f3 d7g4 e3b6 g4d7 f3c3 h8f8 g1b1 h4f2 b6c6 e8e7
[2025-11-20 21:36:34] [Debug] UCI Input: isready
[2025-11-20 21:36:34] [Debug] UCI Input: go wtime 49934 btime 18740 movestogo 5
[2025-11-20 21:36:52] [Debug] UCI Input: position startpos moves e2e4 c7c5 g1f3 d7d6 d2d4 c5d4 f3d4 g8f6 b1c3 a7a6 c1e3 e7e5 d4b3 c8e6 f2f3 h7h5 d1d2 b8d7 c3d5 e6d5 e4d5 d7b6 e3b6 d8b6 f1c4 a8c8 d2d3 b6b4 b3d2 e8e7 e1c1 b7b5 c4b3 b4f4 c1b1 e7d7 d2e4 f8e7 b1a1 f6e4 f3e4 e7g5 d1f1 f4g4 f1f7 g5e7 d3e3 d7e8 f7f2 e7h4 f2f1 c8a8 h1g1 h4g5 e3b6 g4d7 f1f2 g5f6 b6e3 f6h4 f2f3 d7g4 e3b6 g4d7 f3c3 h8f8 g1b1 h4f2 b6c6 e8e7 c6d7 e7d7
[2025-11-20 21:36:52] [Debug] UCI Input: isready
[2025-11-20 21:36:52] [Debug] UCI Input: go wtime 39945 btime 11011 movestogo 4
[2025-11-20 21:37:06] [Debug] UCI Input: position startpos moves e2e4 c7c5 g1f3 d7d6 d2d4 c5d4 f3d4 g8f6 b1c3 a7a6 c1e3 e7e5 d4b3 c8e6 f2f3 h7h5 d1d2 b8d7 c3d5 e6d5 e4d5 d7b6 e3b6 d8b6 f1c4 a8c8 d2d3 b6b4 b3d2 e8e7 e1c1 b7b5 c4b3 b4f4 c1b1 e7d7 d2e4 f8e7 b1a1 f6e4 f3e4 e7g5 d1f1 f4g4 f1f7 g5e7 d3e3 d7e8 f7f2 e7h4 f2f1 c8a8 h1g1 h4g5 e3b6 g4d7 f1f2 g5f6 b6e3 f6h4 f2f3 d7g4 e3b6 g4d7 f3c3 h8f8 g1b1 h4f2 b6c6 e8e7 c6d7 e7d7 b1c1 f2d4
[2025-11-20 21:37:06] [Debug] UCI Input: isready
[2025-11-20 21:37:06] [Debug] UCI Input: go wtime 29959 btime 6442 movestogo 3
[2025-11-20 21:37:21] [Debug] UCI Input: position startpos moves e2e4 c7c5 g1f3 d7d6 d2d4 c5d4 f3d4 g8f6 b1c3 a7a6 c1e3 e7e5 d4b3 c8e6 f2f3 h7h5 d1d2 b8d7 c3d5 e6d5 e4d5 d7b6 e3b6 d8b6 f1c4 a8c8 d2d3 b6b4 b3d2 e8e7 e1c1 b7b5 c4b3 b4f4 c1b1 e7d7 d2e4 f8e7 b1a1 f6e4 f3e4 e7g5 d1f1 f4g4 f1f7 g5e7 d3e3 d7e8 f7f2 e7h4 f2f1 c8a8 h1g1 h4g5 e3b6 g4d7 f1f2 g5f6 b6e3 f6h4 f2f3 d7g4 e3b6 g4d7 f3c3 h8f8 g1b1 h4f2 b6c6 e8e7 c6d7 e7d7 b1c1 f2d4 c3h3 g7g6
[2025-11-20 21:37:21] [Debug] UCI Input: isready
[2025-11-20 21:37:21] [Debug] UCI Input: go wtime 19968 btime 1285 movestogo 2
[2025-11-20 21:37:32] [Debug] UCI Input: position startpos moves e2e4 c7c5 g1f3 d7d6 d2d4 c5d4 f3d4 g8f6 b1c3 a7a6 c1e3 e7e5 d4b3 c8e6 f2f3 h7h5 d1d2 b8d7 c3d5 e6d5 e4d5 d7b6 e3b6 d8b6 f1c4 a8c8 d2d3 b6b4 b3d2 e8e7 e1c1 b7b5 c4b3 b4f4 c1b1 e7d7 d2e4 f8e7 b1a1 f6e4 f3e4 e7g5 d1f1 f4g4 f1f7 g5e7 d3e3 d7e8 f7f2 e7h4 f2f1 c8a8 h1g1 h4g5 e3b6 g4d7 f1f2 g5f6 b6e3 f6h4 f2f3 d7g4 e3b6 g4d7 f3c3 h8f8 g1b1 h4f2 b6c6 e8e7 c6d7 e7d7 b1c1 f2d4 c3h3 g7g6 h3g3 f8f6
[2025-11-20 21:37:32] [Debug] UCI Input: isready
[2025-11-20 21:37:32] [Debug] UCI Input: go wtime 9977 btime 451 movestogo 1
[2025-11-20 21:37:42] [Debug] UCI Input: isready
[2025-11-20 21:41:20] [Debug] UCI Input: quit
[2025-11-20 21:41:20] [Info] Engine exiting.
[2025-11-21 18:59:36] [Info] Gyatso Chess Engine Started
[2025-11-22 15:48:22] [Info] Gyatso Chess Engine Started
[2025-11-22 15:48:22] [Info] Attack tables precomputed.
[2025-11-22 15:48:25] [Info] Magic bitboards initialized.
[2025-11-22 15:48:25] [Info] Zobrist keys initialized.
[2025-11-22 15:48:25] [Info] Transposition Table initialized.
[2025-11-22 15:48:32] [Debug] UCI Input: uci
[2025-11-22 15:48:32] [Debug] UCI Input: isready
[2025-11-22 15:48:32] [Debug] UCI Input: position startpos
[2025-11-22 15:48:32] [Debug] UCI Input: go depth 4
[2025-11-22 15:48:32] [Debug] UCI Input: quit
[2025-11-22 15:48:32] [Info] Engine exiting.
[2025-11-22 15:49:26] [Info] Gyatso Chess Engine Started
[2025-11-22 15:49:26] [Info] Attack tables precomputed.
[2025-11-22 15:49:28] [Info] Magic bitboards initialized.
[2025-11-22 15:49:28] [Info] Zobrist keys initialized.
[2025-11-22 15:49:28] [Info] Transposition Table initialized.
[2025-11-22 15:49:35] [Debug] UCI Input: testmoves
[2025-11-22 15:49:35] [Debug] UCI Input: quit
[2025-11-22 15:49:35] [Info] Engine exiting.
[2025-11-22 15:50:21] [Info] Gyatso Chess Engine Started
[2025-11-22 15:50:21] [Info] Attack tables precomputed.
[2025-11-22 15:50:24] [Info] Magic bitboards initialized.
[2025-11-22 15:50:24] [Info] Zobrist keys initialized.
[2025-11-22 15:50:24] [Info] Transposition Table initialized.
[2025-11-22 15:50:33] [Debug] UCI Input: position startpos moves e2e4
[2025-11-22 15:50:33] [Debug] UCI Input: d
[2025-11-22 15:50:33] [Debug] UCI Input: quit
[2025-11-22 15:50:33] [Info] Engine exiting.
[2025-11-22 15:51:48] [Info] Gyatso Chess Engine Started
[2025-11-22 15:51:48] [Info] Attack tables precomputed.
[2025-11-22 15:51:50] [Info] Magic bitboards initialized.
[2025-11-22 15:51:50] [Info] Zobrist keys initialized.
[2025-11-22 15:51:50] [Info] Transposition Table initialized.
[2025-11-22 15:52:01] [Debug] UCI Input: uci
[2025-11-22 15:52:01] [Debug] UCI Input: isready
[2025-11-22 15:52:01] [Debug] UCI Input: position startpos
[2025-11-22 15:52:01] [Debug] UCI Input: go depth 4
[2025-11-22 15:52:01] [Debug] UCI Input: quit
[2025-11-22 15:52:01] [Info] Engine exiting.
[2025-11-22 15:53:56] [Info] Gyatso Chess Engine Started
[2025-11-22 15:53:56] [Info] Attack tables precomputed.
[2025-11-22 15:53:58] [Info] Magic bitboards initialized.
[2025-11-22 15:53:58] [Info] Zobrist keys initialized.
[2025-11-22 15:53:58] [Info] Transposition Table initialized.
[2025-11-22 15:54:02] [Debug] UCI Input: uci
[2025-11-22 15:54:12] [Debug] UCI Input: position startpos
[2025-11-22 15:54:15] [Debug] UCI Input: go depth 5
[2025-11-22 15:54:20] [Debug] UCI Input: go depth 6
[2025-11-22 15:54:25] [Debug] UCI Input: go depth 7
[2025-11-22 15:54:29] [Debug] UCI Input: go depth 8
[2025-11-22 15:54:33] [Debug] UCI Input: go depth 9
[2025-11-22 15:54:39] [Debug] UCI Input: go depth 10
[2025-11-22 15:54:46] [Debug] UCI Input: go depth 12
[2025-11-22 15:57:54] [Debug] UCI Input: quit
[2025-11-22 15:57:54] [Info] Engine exiting.
[2025-11-22 16:00:59] [Info] Gyatso Chess Engine Started
[2025-11-22 16:00:59] [Info] Attack tables precomputed.
[2025-11-22 16:01:01] [Info] Magic bitboards initialized.
[2025-11-22 16:01:01] [Info] Zobrist keys initialized.
[2025-11-22 16:01:01] [Info] Transposition Table initialized.
[2025-11-22 16:01:01] [Info] Thread Pool initialized.
[2025-11-22 16:01:09] [Debug] UCI Input: uci
[2025-11-22 16:01:09] [Debug] UCI Input: setoption name Threads value 4
[2025-11-22 16:01:09] [Info] Threads set to 4
[2025-11-22 16:01:09] [Debug] UCI Input: go depth 4
[2025-11-22 16:01:09] [Debug] UCI Input: quit
[2025-11-22 16:01:10] [Info] Engine exiting.
[2025-11-22 16:05:07] [Info] Gyatso Chess Engine Started
[2025-11-22 16:05:07] [Info] Attack tables precomputed.
[2025-11-22 16:05:09] [Info] Magic bitboards initialized.
[2025-11-22 16:05:09] [Info] Zobrist keys initialized.
[2025-11-22 16:05:09] [Info] Transposition Table initialized.
[2025-11-22 16:05:09] [Info] Thread Pool initialized.
[2025-11-22 16:05:18] [Debug] UCI Input: uci
[2025-11-22 16:05:18] [Debug] UCI Input: setoption name Threads value 4
[2025-11-22 16:05:18] [Info] Threads set to 4
[2025-11-22 16:05:18] [Debug] UCI Input: go depth 6
[2025-11-22 16:05:18] [Debug] UCI Input: quit
[2025-11-22 16:07:58] [Info] Gyatso Chess Engine Started
[2025-11-22 16:07:58] [Info] Attack tables precomputed.
[2025-11-22 16:08:01] [Info] Magic bitboards initialized.
[2025-11-22 16:08:01] [Info] Zobrist keys initialized.
[2025-11-22 16:08:01] [Info] Transposition Table initialized.
[2025-11-22 16:08:01] [Info] Thread Pool initialized.
[2025-11-22 16:08:30] [Debug] UCI Input: uci
[2025-11-22 16:08:40] [Debug] UCI Input: threads
[2025-11-22 16:08:40] [Warn] Unknown command: threads
[2025-11-22 16:09:15] [Debug] UCI Input: uci setoption threads 2
[2025-11-22 16:09:30] [Debug] UCI Input: setoption threads 2
[2025-11-22 16:09:44] [Debug] UCI Input: go depth 6
[2025-11-22 16:09:58] [Debug] UCI Input: go depth 12
[2025-11-22 16:10:31] [Debug] UCI Input: stop
[2025-11-22 16:10:56] [Debug] UCI Input: quit
[2025-11-22 16:10:56] [Info] Engine exiting.
[2025-11-22 16:10:57] [Info] Gyatso Chess Engine Started
[2025-11-22 16:10:57] [Info] Attack tables precomputed.
[2025-11-22 16:11:00] [Info] Magic bitboards initialized.
[2025-11-22 16:11:00] [Info] Zobrist keys initialized.
[2025-11-22 16:11:00] [Info] Transposition Table initialized.
[2025-11-22 16:11:00] [Info] Thread Pool initialized.
[2025-11-22 16:11:00] [Debug] UCI Input: uci
[2025-11-22 16:11:11] [Debug] UCI Input: setoption name Threads value 2
[2025-11-22 16:11:11] [Info] Threads set to 2
[2025-11-22 16:11:18] [Debug] UCI Input: go depth 6
[2025-11-22 17:35:53] [Info] Gyatso Chess Engine Started
[2025-11-22 17:35:53] [Info] Attack tables precomputed.
[2025-11-22 17:35:56] [Info] Magic bitboards initialized.
[2025-11-22 17:35:56] [Info] Zobrist keys initialized.
[2025-11-22 17:35:56] [Info] Transposition Table initialized.
[2025-11-22 17:35:56] [Info] Thread Pool initialized.
[2025-11-22 17:36:11] [Debug] UCI Input: uci
[2025-11-22 17:36:11] [Debug] UCI Input: setoption name Threads value 4
[2025-11-22 17:36:11] [Info] Threads set to 4
[2025-11-22 17:36:11] [Debug] UCI Input: go depth 6
[2025-11-22 17:36:11] [Debug] UCI Input: quit
[2025-11-22 17:38:48] [Info] Gyatso Chess Engine Started
[2025-11-22 17:38:48] [Info] Attack tables precomputed.
[2025-11-22 17:38:51] [Info] Magic bitboards initialized.
[2025-11-22 17:38:51] [Info] Zobrist keys initialized.
[2025-11-22 17:38:51] [Info] Transposition Table initialized.
[2025-11-22 17:38:51] [Info] Thread Pool initialized.
[2025-11-22 17:39:03] [Debug] UCI Input: uci
[2025-11-22 17:39:03] [Debug] UCI Input: setoption name Threads value 4
[2025-11-22 17:39:03] [Info] Threads set to 4
[2025-11-22 17:39:03] [Debug] UCI Input: go depth 6
[2025-11-22 17:39:03] [Debug] UCI Input: quit
[2025-11-22 17:42:07] [Info] Gyatso Chess Engine Started
[2025-11-22 17:42:07] [Info] Attack tables precomputed.
[2025-11-22 17:42:09] [Info] Magic bitboards initialized.
[2025-11-22 17:42:09] [Info] Zobrist keys initialized.
[2025-11-22 17:42:09] [Info] Transposition Table initialized.
[2025-11-22 17:42:09] [Info] Thread Pool initialized.
[2025-11-22 17:42:19] [Debug] UCI Input: uci
[2025-11-22 17:42:19] [Debug] UCI Input: setoption name Threads value 4
[2025-11-22 17:42:19] [Info] Threads set to 4
[2025-11-22 17:42:19] [Debug] UCI Input: go depth 6
[2025-11-22 17:42:19] [Debug] UCI Input: quit
[2025-11-22 17:44:29] [Info] Gyatso Chess Engine Started
[2025-11-22 17:44:29] [Info] Attack tables precomputed.
[2025-11-22 17:44:32] [Info] Magic bitboards initialized.
[2025-11-22 17:44:32] [Info] Zobrist keys initialized.
[2025-11-22 17:44:32] [Info] Transposition Table initialized.
[2025-11-22 17:44:32] [Info] Thread Pool initialized.
[2025-11-22 17:44:54] [Debug] UCI Input: uci
[2025-11-22 17:44:54] [Debug] UCI Input: setoption name Threads value 4
[2025-11-22 17:44:54] [Info] Threads set to 4
[2025-11-22 17:44:54] [Debug] UCI Input: go depth 6
[2025-11-22 17:44:54] [Debug] UCI Input: quit
[2025-11-22 17:48:51] [Info] Gyatso Chess Engine Started
[2025-11-22 17:48:51] [Info] Attack tables precomputed.
[2025-11-22 17:48:54] [Info] Magic bitboards initialized.
[2025-11-22 17:48:54] [Info] Zobrist keys initialized.
[2025-11-22 17:48:54] [Info] Transposition Table initialized.
[2025-11-22 17:48:54] [Info] Thread Pool initialized.
[2025-11-22 17:53:04] [Debug] UCI Input: uci
[2025-11-22 17:53:04] [Debug] UCI Input: setoption name Threads value 1
[2025-11-22 17:53:04] [Info] Threads set to 1
[2025-11-22 17:53:04] [Debug] UCI Input: go depth 6
[2025-11-22 17:53:04] [Debug] UCI Input: quit
[2025-11-22 17:53:06] [Info] Engine exiting.
[2025-11-22 17:57:22] [Info] Gyatso Chess Engine Started
[2025-11-22 17:57:22] [Info] Attack tables precomputed.
[2025-11-22 17:57:25] [Info] Magic bitboards initialized.
[2025-11-22 17:57:25] [Info] Zobrist keys initialized.
[2025-11-22 17:57:25] [Info] Transposition Table initialized.
[2025-11-22 17:57:25] [Info] Thread Pool initialized.
[2025-11-22 17:57:39] [Debug] UCI Input: uci
[2025-11-22 17:57:39] [Debug] UCI Input: setoption name Threads value 4
[2025-11-22 17:57:39] [Info] Threads set to 4
[2025-11-22 17:57:39] [Debug] UCI Input: go depth 6
[2025-11-22 17:57:39] [Debug] UCI Input: quit
[2025-11-22 18:00:36] [Info] Gyatso Chess Engine Started
[2025-11-22 18:00:36] [Info] Attack tables precomputed.
[2025-11-22 18:00:38] [Info] Magic bitboards initialized.
[2025-11-22 18:00:38] [Info] Zobrist keys initialized.
[2025-11-22 18:00:39] [Info] Transposition Table initialized.
[2025-11-22 18:00:39] [Info] Thread Pool initialized.
[2025-11-22 18:00:46] [Debug] UCI Input: uci
[2025-11-22 18:00:46] [Debug] UCI Input: setoption name Threads value 4
[2025-11-22 18:00:46] [Info] Threads set to 4
[2025-11-22 18:00:46] [Debug] UCI Input: go depth 6
[2025-11-22 18:00:46] [Debug] UCI Input: quit
[2025-11-22 18:03:03] [Info] Gyatso Chess Engine Started
[2025-11-22 18:03:03] [Info] Attack tables precomputed.
[2025-11-22 18:03:06] [Info] Magic bitboards initialized.
[2025-11-22 18:03:06] [Info] Zobrist keys initialized.
[2025-11-22 18:03:06] [Info] Transposition Table initialized.
[2025-11-22 18:03:06] [Info] Thread Pool initialized.
[2025-11-22 18:03:13] [Debug] UCI Input: uci
[2025-11-22 18:03:13] [Debug] UCI Input: setoption name Threads value 4
[2025-11-22 18:03:13] [Info] Threads set to 4
[2025-11-22 18:03:13] [Debug] UCI Input: go depth 6
[2025-11-22 18:03:13] [Debug] UCI Input: quit
[2025-11-22 18:05:45] [Info] Gyatso Chess Engine Started
[2025-11-22 18:05:45] [Info] Attack tables precomputed.
[2025-11-22 18:05:48] [Info] Magic bitboards initialized.
[2025-11-22 18:05:48] [Info] Zobrist keys initialized.
[2025-11-22 18:05:48] [Info] Transposition Table initialized.
[2025-11-22 18:05:48] [Info] Thread Pool initialized.
[2025-11-22 18:06:01] [Debug] UCI Input: uci
[2025-11-22 18:06:01] [Debug] UCI Input: setoption name Threads value 4
[2025-11-22 18:06:01] [Info] Threads set to 4
[2025-11-22 18:06:01] [Debug] UCI Input: go depth 6
[2025-11-22 18:06:01] [Debug] UCI Input: quit
[2025-11-22 18:06:59] [Info] Gyatso Chess Engine Started
[2025-11-22 18:06:59] [Info] Attack tables precomputed.
[2025-11-22 18:07:34] [Info] Magic bitboards initialized.
[2025-11-22 18:07:34] [Info] Zobrist keys initialized.
[2025-11-22 18:07:34] [Info] Transposition Table initialized.
[2025-11-22 18:07:34] [Info] Thread Pool initialized.
[2025-11-22 18:07:34] [Debug] UCI Input: uci
[2025-11-22 18:07:34] [Debug] UCI Input: setoption name Threads value 4
[2025-11-22 18:07:34] [Info] Threads set to 4
[2025-11-22 18:07:34] [Debug] UCI Input: go depth 6
[2025-11-22 18:07:34] [Debug] UCI Input: quit
[2025-11-22 18:08:05] [Info] Gyatso Chess Engine Started
[2025-11-22 18:08:05] [Info] Attack tables precomputed.
[2025-11-22 18:08:39] [Info] Magic bitboards initialized.
[2025-11-22 18:08:39] [Info] Zobrist keys initialized.
[2025-11-22 18:08:39] [Info] Transposition Table initialized.
[2025-11-22 18:08:39] [Info] Thread Pool initialized.
[2025-11-22 18:08:39] [Debug] UCI Input: uci
[2025-11-22 18:08:39] [Debug] UCI Input: setoption name Threads value 4
[2025-11-22 18:08:39] [Info] Threads set to 4
[2025-11-22 18:08:39] [Debug] UCI Input: go depth 6
[2025-11-22 18:09:51] [Info] Gyatso Chess Engine Started
[2025-11-22 18:09:51] [Info] Attack tables precomputed.
[2025-11-22 18:10:23] [Info] Magic bitboards initialized.
[2025-11-22 18:10:23] [Info] Zobrist keys initialized.
[2025-11-22 18:10:23] [Info] Transposition Table initialized.
[2025-11-22 18:10:23] [Info] Thread Pool initialized.
[2025-11-22 18:10:23] [Debug] UCI Input: uci
[2025-11-22 18:10:23] [Debug] UCI Input: setoption name Threads value 4
[2025-11-22 18:10:23] [Info] Threads set to 4
[2025-11-22 18:10:23] [Debug] UCI Input: go depth 6
[2025-11-22 18:11:48] [Info] Gyatso Chess Engine Started
[2025-11-22 18:11:48] [Info] Attack tables precomputed.
[2025-11-22 18:12:23] [Info] Magic bitboards initialized.
[2025-11-22 18:12:23] [Info] Zobrist keys initialized.
[2025-11-22 18:12:23] [Info] Transposition Table initialized.
[2025-11-22 18:12:23] [Info] Thread Pool initialized.
[2025-11-22 18:12:23] [Debug] UCI Input: uci
[2025-11-22 18:12:23] [Debug] UCI Input: setoption name Threads value 4
[2025-11-22 18:12:23] [Info] Threads set to 4
[2025-11-22 18:12:23] [Debug] UCI Input: go depth 6
[2025-11-22 22:55:50] [Info] Gyatso Chess Engine Started
[2025-11-22 22:55:50] [Info] Attack tables precomputed.
[2025-11-22 22:56:15] [Info] Magic bitboards initialized.
[2025-11-22 22:56:15] [Info] Zobrist keys initialized.
[2025-11-22 22:56:15] [Info] Transposition Table initialized.
[2025-11-22 22:56:15] [Info] Thread Pool initialized.
[2025-11-22 22:56:29] [Debug] UCI Input: uci
[2025-11-22 22:56:29] [Debug] UCI Input: setoption name Threads value 4
[2025-11-22 22:56:29] [Info] Threads set to 4
[2025-11-22 22:56:29] [Debug] UCI Input: go depth 6
[2025-11-22 22:59:34] [Info] Gyatso Chess Engine Started
[2025-11-22 22:59:34] [Info] Attack tables precomputed.
[2025-11-22 22:59:59] [Info] Magic bitboards initialized.
[2025-11-22 22:59:59] [Info] Zobrist keys initialized.
[2025-11-22 22:59:59] [Info] Transposition Table initialized.
[2025-11-22 22:59:59] [Info] Thread Pool initialized.
[2025-11-22 22:59:59] [Debug] UCI Input: uci
[2025-11-22 22:59:59] [Debug] UCI Input: setoption name Threads value 4
[2025-11-22 22:59:59] [Info] Threads set to 4
[2025-11-22 22:59:59] [Debug] UCI Input: go depth 6
[2025-11-22 23:01:30] [Info] Gyatso Chess Engine Started
[2025-11-22 23:01:30] [Info] Attack tables precomputed.
[2025-11-22 23:01:57] [Info] Magic bitboards initialized.
[2025-11-22 23:01:57] [Info] Zobrist keys initialized.
[2025-11-22 23:01:57] [Info] Transposition Table initialized.
[2025-11-22 23:01:57] [Info] Thread Pool initialized.
[2025-11-22 23:01:57] [Debug] UCI Input: uci
[2025-11-22 23:01:57] [Debug] UCI Input: setoption name Threads value 4
[2025-11-22 23:01:57] [Info] Threads set to 4
[2025-11-22 23:01:57] [Debug] UCI Input: go depth 6
[2025-11-22 23:03:08] [Info] Gyatso Chess Engine Started
[2025-11-22 23:03:08] [Info] Attack tables precomputed.
[2025-11-22 23:03:35] [Info] Magic bitboards initialized.
[2025-11-22 23:03:35] [Info] Zobrist keys initialized.
[2025-11-22 23:03:35] [Info] Transposition Table initialized.
[2025-11-22 23:03:35] [Info] Thread Pool initialized.
[2025-11-22 23:03:35] [Debug] UCI Input: uci
[2025-11-22 23:03:35] [Debug] UCI Input: setoption name Threads value 4
[2025-11-22 23:03:35] [Info] Threads set to 4
[2025-11-22 23:03:35] [Debug] UCI Input: go depth 6
[2025-11-22 23:06:38] [Info] Gyatso Chess Engine Started
[2025-11-22 23:06:38] [Info] Attack tables precomputed.
[2025-11-22 23:07:06] [Info] Magic bitboards initialized.
[2025-11-22 23:07:06] [Info] Zobrist keys initialized.
[2025-11-22 23:07:06] [Info] Transposition Table initialized.
[2025-11-22 23:07:06] [Info] Thread Pool initialized.
[2025-11-22 23:07:06] [Debug] UCI Input: uci
[2025-11-22 23:07:06] [Debug] UCI Input: setoption name Threads value 4
[2025-11-22 23:07:06] [Info] Threads set to 4
[2025-11-22 23:07:06] [Debug] UCI Input: go depth 6
[2025-11-22 23:08:22] [Info] Gyatso Chess Engine Started
[2025-11-22 23:08:22] [Info] Attack tables precomputed.
[2025-11-22 23:08:47] [Info] Magic bitboards initialized.
[2025-11-22 23:08:47] [Info] Zobrist keys initialized.
[2025-11-22 23:08:47] [Info] Transposition Table initialized.
[2025-11-22 23:08:47] [Info] Thread Pool initialized.
[2025-11-22 23:08:47] [Debug] UCI Input: uci
[2025-11-22 23:08:47] [Debug] UCI Input: setoption name Threads value 4
[2025-11-22 23:08:47] [Info] Threads set to 4
[2025-11-22 23:08:47] [Debug] UCI Input: go depth 6
[2025-11-22 23:15:33] [Info] Gyatso Chess Engine Started
[2025-11-22 23:15:33] [Info] Attack tables precomputed.
[2025-11-22 23:15:58] [Info] Magic bitboards initialized.
[2025-11-22 23:15:58] [Info] Zobrist keys initialized.
[2025-11-22 23:15:58] [Info] Transposition Table initialized.
[2025-11-22 23:15:58] [Info] Thread Pool initialized.
[2025-11-22 23:15:58] [Debug] UCI Input: uci
[2025-11-22 23:15:58] [Debug] UCI Input: setoption name Threads value 2
[2025-11-22 23:15:58] [Info] Threads set to 2
[2025-11-22 23:15:58] [Debug] UCI Input: go depth 6
[2025-11-22 23:17:50] [Info] Gyatso Chess Engine Started
[2025-11-22 23:17:50] [Info] Attack tables precomputed.
[2025-11-22 23:18:17] [Info] Magic bitboards initialized.
[2025-11-22 23:18:17] [Info] Zobrist keys initialized.
[2025-11-22 23:18:17] [Info] Transposition Table initialized.
[2025-11-22 23:18:17] [Info] Thread Pool initialized.
[2025-11-22 23:18:17] [Debug] UCI Input: uci
[2025-11-22 23:18:17] [Debug] UCI Input: setoption name Threads value 2
[2025-11-22 23:18:17] [Info] Threads set to 2
[2025-11-22 23:18:17] [Debug] UCI Input: go depth 6
[2025-11-23 11:51:19] [Info] Gyatso Chess Engine Started
[2025-11-23 11:51:19] [Info] Attack tables precomputed.
[2025-11-23 11:51:22] [Info] Magic bitboards initialized.
[2025-11-23 11:51:22] [Info] Zobrist keys initialized.
[2025-11-23 11:51:22] [Info] Transposition Table initialized.
[2025-11-23 11:51:27] [Debug] UCI Input: go depth 6
[2025-11-23 11:53:31] [Info] Gyatso Chess Engine Started
[2025-11-23 11:53:31] [Info] Attack tables precomputed.
[2025-11-23 11:53:33] [Info] Magic bitboards initialized.
[2025-11-23 11:53:33] [Info] Zobrist keys initialized.
[2025-11-23 11:53:33] [Info] Transposition Table initialized.
[2025-11-23 11:53:34] [Debug] UCI Input: uci
[2025-11-23 11:53:40] [Debug] UCI Input: position startpos
[2025-11-23 11:53:45] [Debug] UCI Input: go depth 15
[2025-11-23 11:54:10] [Debug] UCI Input: stop
[2025-11-23 11:54:21] [Debug] UCI Input: go depth 15
[2025-11-23 11:54:39] [Debug] UCI Input: stop
[2025-11-23 11:54:46] [Debug] UCI Input: quit
[2025-11-23 11:54:46] [Info] Engine exiting.
[2025-11-23 13:23:59] [Info] Gyatso Chess Engine Started
[2025-11-23 13:23:59] [Info] Attack tables precomputed.
[2025-11-23 13:24:01] [Info] Magic bitboards initialized.
[2025-11-23 13:24:01] [Info] Zobrist keys initialized.
[2025-11-23 13:24:01] [Info] Transposition Table initialized.
[2025-11-23 13:24:02] [Debug] UCI Input: uci
[2025-11-23 13:24:05] [Debug] UCI Input: go depth 6
[2025-11-23 13:24:11] [Debug] UCI Input: go depth 7
[2025-11-23 13:25:40] [Debug] UCI Input: stop
[2025-11-23 13:25:42] [Debug] UCI Input: quit
[2025-11-23 13:25:42] [Info] Engine exiting.
[2025-11-23 13:27:37] [Info] Gyatso Chess Engine Started
[2025-11-23 13:27:37] [Info] Attack tables precomputed.
[2025-11-23 13:27:40] [Info] Magic bitboards initialized.
[2025-11-23 13:27:40] [Info] Zobrist keys initialized.
[2025-11-23 13:27:40] [Info] Transposition Table initialized.
[2025-11-23 13:27:46] [Debug] UCI Input: go depth 6
[2025-11-26 22:26:04] [Info] Gyatso Chess Engine Started
[2025-11-26 22:26:04] [Info] Attack tables precomputed.
[2025-11-26 22:26:07] [Info] Magic bitboards initialized.
[2025-11-26 22:26:07] [Info] Zobrist keys initialized.
[2025-11-26 22:26:07] [Info] Transposition Table initialized.
[2025-11-26 22:26:11] [Debug] UCI Input: go depth 10
[2025-11-26 22:26:28] [Debug] UCI Input: quit
[2025-11-26 22:26:28] [Info] Engine exiting.
[2025-11-26 22:29:09] [Info] Gyatso Chess Engine Started
[2025-11-26 22:29:09] [Info] Attack tables precomputed.
[2025-11-26 22:29:25] [Info] Magic bitboards initialized.
[2025-11-26 22:29:25] [Info] Zobrist keys initialized.
[2025-11-26 22:29:25] [Info] Transposition Table initialized.
[2025-11-26 22:29:32] [Debug] UCI Input: go depth 10
[2025-11-26 22:35:59] [Info] Gyatso Chess Engine Started
[2025-11-26 22:35:59] [Info] Attack tables precomputed.
[2025-11-26 22:36:15] [Info] Magic bitboards initialized.
[2025-11-26 22:36:15] [Info] Zobrist keys initialized.
[2025-11-26 22:36:15] [Info] Transposition Table initialized.
[2025-11-26 22:36:17] [Debug] UCI Input: go depth 10
[2025-11-26 22:37:08] [Info] Gyatso Chess Engine Started
[2025-11-26 22:37:08] [Info] Attack tables precomputed.
[2025-11-26 22:38:17] [Info] Magic bitboards initialized.
[2025-11-26 22:38:17] [Info] Zobrist keys initialized.
[2025-11-26 22:38:17] [Info] Transposition Table initialized.
[2025-11-26 22:38:20] [Debug] UCI Input: go depth 10
[2025-11-26 22:39:56] [Info] Gyatso Chess Engine Started
[2025-11-26 22:39:56] [Info] Attack tables precomputed.
[2025-11-26 22:41:05] [Info] Magic bitboards initialized.
[2025-11-26 22:41:05] [Info] Zobrist keys initialized.
[2025-11-26 22:41:05] [Info] Transposition Table initialized.
[2025-11-26 22:41:14] [Debug] UCI Input: go depth 8
[2025-11-26 22:42:37] [Info] Gyatso Chess Engine Started
[2025-11-26 22:42:37] [Info] Attack tables precomputed.
[2025-11-26 22:42:53] [Info] Magic bitboards initialized.
[2025-11-26 22:42:53] [Info] Zobrist keys initialized.
[2025-11-26 22:42:53] [Info] Transposition Table initialized.
[2025-11-26 22:42:55] [Debug] UCI Input: go depth 8
[2025-11-27 21:37:56] [Info] Gyatso Chess Engine Started
[2025-11-27 21:37:56] [Info] Attack tables precomputed.
[2025-11-27 21:37:58] [Info] Magic bitboards initialized.
[2025-11-27 21:37:58] [Info] Zobrist keys initialized.
[2025-11-27 21:37:58] [Info] Transposition Table initialized.
[2025-11-27 21:37:58] [Debug] UCI Input: uci
[2025-11-27 21:37:58] [Debug] UCI Input: isready
[2025-11-27 21:37:58] [Debug] UCI Input: quit
[2025-11-27 21:37:58] [Info] Engine exiting.
[2025-11-29 19:30:10] [Info] Gyatso Chess Engine Started
[2025-11-29 19:30:10] [Info] Attack tables precomputed.
[2025-11-29 19:30:12] [Info] Magic bitboards initialized.
[2025-11-29 19:30:12] [Info] Zobrist keys initialized.
[2025-11-29 19:30:12] [Info] Transposition Table initialized.
[2025-11-29 19:30:14] [Debug] UCI Input: uci
[2025-11-29 19:30:20] [Debug] UCI Input: perft 5
[2025-11-29 19:30:26] [Debug] UCI Input: go depth 12
[2025-11-29 19:30:43] [Debug] UCI Input: quit
[2025-11-29 19:30:43] [Info] Engine exiting.
[2025-11-29 19:46:52] [Info] Gyatso Chess Engine Started
[2025-11-29 19:46:52] [Info] Attack tables precomputed.
[2025-11-29 19:46:54] [Info] Magic bitboards initialized.
[2025-11-29 19:46:54] [Info] Zobrist keys initialized.
[2025-11-29 19:46:54] [Info] Transposition Table initialized.
[2025-11-29 19:46:55] [Debug] UCI Input: uci
[2025-11-29 19:47:05] [Debug] UCI Input: perft 5
[2025-11-29 19:47:10] [Debug] UCI Input: go depth 12
[2025-11-29 19:47:22] [Debug] UCI Input: quit
[2025-11-29 19:47:22] [Info] Engine exiting.
[2025-11-29 07:12:57] [Info] Gyatso Chess Engine Started
[2025-11-29 07:12:57] [Info] Attack tables precomputed.
[2025-11-29 07:12:59] [Info] Magic bitboards initialized.
[2025-11-29 07:12:59] [Info] Zobrist keys initialized.
[2025-11-29 07:12:59] [Info] Transposition Table initialized.
[2025-11-29 07:13:01] [Debug] UCI Input: uc
[2025-11-29 07:13:01] [Warn] Unknown command: uc
[2025-11-29 07:13:04] [Debug] UCI Input: uci
[2025-11-29 07:13:10] [Debug] UCI Input: go depth 12
[2025-11-29 07:13:23] [Debug] UCI Input: go depth 20
[2025-11-29 07:13:54] [Debug] UCI Input: stop
[2025-11-29 07:13:57] [Debug] UCI Input: perft 5
[2025-11-29 07:14:05] [Debug] UCI Input: perft 6
[2025-11-29 07:14:26] [Debug] UCI Input: quit
[2025-11-29 07:14:26] [Info] Engine exiting.
[2025-11-30 01:05:12] [Info] Gyatso Chess Engine Started
[2025-11-30 01:05:12] [Info] Attack tables precomputed.
[2025-11-30 01:05:33] [Info] Magic bitboards initialized.
[2025-11-30 01:05:33] [Info] Zobrist keys initialized.
[2025-11-30 01:05:33] [Info] Transposition Table initialized.
[2025-11-30 01:05:35] [Debug] UCI Input: uci
[2025-11-30 01:05:46] [Debug] UCI Input: go depth 4
[2025-11-30 01:05:56] [Debug] UCI Input: perft 5
[2025-11-30 01:06:39] [Debug] UCI Input: qut
[2025-11-30 01:06:39] [Warn] Unknown command: qut
[2025-11-30 01:06:45] [Debug] UCI Input: quit
[2025-11-30 01:06:45] [Info] Engine exiting.
[2025-11-30 01:10:28] [Info] Gyatso Chess Engine Started
[2025-11-30 01:10:28] [Info] Attack tables precomputed.
[2025-11-30 01:10:31] [Info] Magic bitboards initialized.
[2025-11-30 01:10:31] [Info] Zobrist keys initialized.
[2025-11-30 01:10:31] [Info] Transposition Table initialized.
[2025-11-30 01:10:33] [Debug] UCI Input: uci
[2025-11-30 01:10:56] [Debug] UCI Input: setoption name threads value 4
[2025-11-30 01:11:03] [Debug] UCI Input: uci
[2025-11-30 01:11:21] [Debug] UCI Input: setoption name Threads value 4
[2025-11-30 01:11:21] [Info] Threads option set to 4 (Note: Malebolgia manages pool size automatically)
[2025-11-30 01:11:37] [Debug] UCI Input: uci
[2025-11-30 01:11:59] [Debug] UCI Input: go depth 15
[2025-11-30 01:12:12] [Info] Gyatso Chess Engine Started
[2025-11-30 01:12:12] [Info] Attack tables precomputed.
[2025-11-30 01:12:15] [Info] Magic bitboards initialized.
[2025-11-30 01:12:15] [Info] Zobrist keys initialized.
[2025-11-30 01:12:15] [Info] Transposition Table initialized.
[2025-11-30 01:12:20] [Debug] UCI Input: go depth 12
[2025-11-30 12:17:54] [Info] Gyatso Chess Engine Started
[2025-11-30 12:17:54] [Info] Attack tables precomputed.
[2025-11-30 12:18:21] [Info] Magic bitboards initialized.
[2025-11-30 12:18:21] [Info] Zobrist keys initialized.
[2025-11-30 12:18:22] [Info] Transposition Table initialized.
[2025-11-30 12:18:22] [Debug] UCI Input: uci
[2025-11-30 12:18:22] [Debug] UCI Input: isready
[2025-11-30 12:18:22] [Debug] UCI Input: setoption name Threads value 4
[2025-11-30 12:18:22] [Info] Threads option set to 4 (Note: Malebolgia manages pool size automatically)
[2025-11-30 12:18:22] [Debug] UCI Input: go depth 6
[2025-11-30 12:18:22] [Debug] UCI Input: quit
[2025-11-30 12:18:22] [Info] Engine exiting.
[2025-11-30 12:18:59] [Info] Gyatso Chess Engine Started
[2025-11-30 12:18:59] [Info] Attack tables precomputed.
[2025-11-30 12:19:36] [Info] Magic bitboards initialized.
[2025-11-30 12:19:36] [Info] Zobrist keys initialized.
[2025-11-30 12:19:36] [Info] Transposition Table initialized.
[2025-11-30 12:19:36] [Debug] UCI Input: uci
[2025-11-30 12:19:36] [Debug] UCI Input: isready
[2025-11-30 12:19:36] [Debug] UCI Input: position startpos
[2025-11-30 12:19:36] [Debug] UCI Input: go depth 4
[2025-11-30 12:19:36] [Debug] UCI Input: quit
[2025-11-30 12:19:36] [Info] Engine exiting.
[2025-11-30 12:42:05] [Info] Gyatso Chess Engine Started
[2025-11-30 12:42:05] [Info] Attack tables precomputed.
[2025-11-30 12:42:07] [Info] Magic bitboards initialized.
[2025-11-30 12:42:07] [Info] Zobrist keys initialized.
[2025-11-30 12:42:07] [Info] Transposition Table initialized.
[2025-11-30 12:42:08] [Debug] UCI Input: uci
[2025-11-30 12:42:27] [Debug] UCI Input: position startpos
[2025-11-30 12:42:49] [Debug] UCI Input: setoption name Threads value 4
[2025-11-30 12:42:49] [Info] Threads set to 4
[2025-11-30 12:43:09] [Debug] UCI Input: go depth 12
[2025-11-30 12:43:35] [Debug] UCI Input: stop
[2025-11-30 12:44:18] [Debug] UCI Input: quit
[2025-11-30 12:44:18] [Info] Engine exiting.
[2025-11-30 12:44:20] [Info] Gyatso Chess Engine Started
[2025-11-30 12:44:20] [Info] Attack tables precomputed.
[2025-11-30 12:44:23] [Info] Magic bitboards initialized.
[2025-11-30 12:44:23] [Info] Zobrist keys initialized.
[2025-11-30 12:44:23] [Info] Transposition Table initialized.
[2025-11-30 12:44:26] [Debug] UCI Input: uci
[2025-11-30 12:44:31] [Debug] UCI Input: perft 5
[2025-11-30 12:44:40] [Debug] UCI Input: go depth 12
[2025-11-30 12:44:57] [Debug] UCI Input: stop
[2025-11-30 12:44:59] [Debug] UCI Input: quit
[2025-11-30 12:44:59] [Info] Engine exiting.
[2025-11-30 12:48:06] [Info] Gyatso Chess Engine Started
[2025-11-30 12:48:06] [Info] Attack tables precomputed.
[2025-11-30 12:48:09] [Info] Magic bitboards initialized.
[2025-11-30 12:48:09] [Info] Zobrist keys initialized.
[2025-11-30 12:48:09] [Info] Transposition Table initialized.
[2025-11-30 12:48:13] [Debug] UCI Input: go depth 20
[2025-11-30 12:48:29] [Debug] UCI Input: quit
[2025-11-30 12:48:29] [Info] Engine exiting.
[2025-11-30 12:48:30] [Info] Gyatso Chess Engine Started
[2025-11-30 12:48:30] [Info] Attack tables precomputed.
[2025-11-30 12:48:33] [Info] Magic bitboards initialized.
[2025-11-30 12:48:33] [Info] Zobrist keys initialized.
[2025-11-30 12:48:33] [Info] Transposition Table initialized.
[2025-11-30 12:48:33] [Debug] UCI Input: uci
[2025-11-30 12:49:03] [Debug] UCI Input: setoption name Threads value 4
[2025-11-30 12:49:03] [Info] Threads set to 4
[2025-11-30 12:49:14] [Debug] UCI Input: go depth 20
[2025-11-30 12:52:33] [Debug] UCI Input: quit
[2025-11-30 12:52:33] [Info] Engine exiting.
[2025-11-30 12:52:44] [Info] Gyatso Chess Engine Started
[2025-11-30 12:52:44] [Info] Attack tables precomputed.
[2025-11-30 12:52:47] [Info] Magic bitboards initialized.
[2025-11-30 12:52:47] [Info] Zobrist keys initialized.
[2025-11-30 12:52:47] [Info] Transposition Table initialized.
[2025-11-30 12:52:51] [Debug] UCI Input: uci
[2025-11-30 12:53:08] [Debug] UCI Input: setoption name Threads value 4
[2025-11-30 12:53:08] [Info] Threads set to 4
[2025-11-30 12:53:11] [Debug] UCI Input: perft 5
[2025-11-30 12:53:17] [Debug] UCI Input: 
[2025-11-30 12:53:17] [Warn] Unknown command: 
[2025-11-30 12:53:55] [Info] Gyatso Chess Engine Started
[2025-11-30 12:53:55] [Info] Attack tables precomputed.
[2025-11-30 12:53:57] [Info] Magic bitboards initialized.
[2025-11-30 12:53:57] [Info] Zobrist keys initialized.
[2025-11-30 12:53:57] [Info] Transposition Table initialized.
[2025-11-30 12:53:57] [Debug] UCI Input: uci
[2025-11-30 12:54:04] [Debug] UCI Input: perft 5
[2025-11-30 12:54:26] [Debug] UCI Input: setoption name Threads value 4
[2025-11-30 12:54:26] [Info] Threads set to 4
[2025-11-30 12:54:33] [Debug] UCI Input: go depth 15
[2025-11-30 12:56:50] [Debug] UCI Input: quit
[2025-11-30 12:56:50] [Info] Engine exiting.
[2025-11-30 12:58:26] [Info] Gyatso Chess Engine Started
[2025-11-30 12:58:26] [Info] Attack tables precomputed.
[2025-11-30 12:58:29] [Info] Magic bitboards initialized.
[2025-11-30 12:58:29] [Info] Zobrist keys initialized.
[2025-11-30 12:58:29] [Info] Transposition Table initialized.
[2025-11-30 12:58:30] [Debug] UCI Input: uci
[2025-11-30 12:58:43] [Debug] UCI Input: setoption name Threads value 4
[2025-11-30 12:58:43] [Info] Threads set to 4
[2025-11-30 12:58:50] [Debug] UCI Input: go depth 20
[2025-11-30 13:00:58] [Debug] UCI Input: quit
[2025-11-30 13:00:58] [Info] Engine exiting.
[2025-11-30 17:21:59] [Info] Gyatso Chess Engine Started
[2025-11-30 17:21:59] [Info] Attack tables precomputed.
[2025-11-30 17:22:01] [Info] Magic bitboards initialized.
[2025-11-30 17:22:01] [Info] Zobrist keys initialized.
[2025-11-30 17:22:01] [Info] Transposition Table initialized.
[2025-11-30 17:22:06] [Debug] UCI Input: uci
[2025-11-30 17:22:20] [Debug] UCI Input: setoption name Threads value 4
[2025-11-30 17:22:20] [Info] Threads set to 4
[2025-11-30 17:22:25] [Debug] UCI Input: go depth 5
[2025-11-30 17:22:29] [Debug] UCI Input: quit
[2025-11-30 17:22:29] [Info] Engine exiting.
[2025-11-30 17:26:39] [Info] Gyatso Chess Engine Started
[2025-11-30 17:26:39] [Info] Attack tables precomputed.
[2025-11-30 17:26:41] [Info] Magic bitboards initialized.
[2025-11-30 17:26:41] [Info] Zobrist keys initialized.
[2025-11-30 17:26:41] [Info] Transposition Table initialized.
[2025-11-30 17:27:03] [Debug] UCI Input: uci
[2025-11-30 17:27:03] [Debug] UCI Input: setoption name Threads value 4
[2025-11-30 17:27:03] [Info] Threads set to 4
[2025-11-30 17:27:03] [Debug] UCI Input: go depth 3
[2025-11-30 17:27:03] [Debug] UCI Input: quit
[2025-11-30 17:27:03] [Info] Engine exiting.
[2025-11-30 17:52:12] [Info] Gyatso Chess Engine Started
[2025-11-30 17:52:12] [Info] Attack tables precomputed.
[2025-11-30 17:52:14] [Info] Magic bitboards initialized.
[2025-11-30 17:52:14] [Info] Zobrist keys initialized.
[2025-11-30 17:52:14] [Info] Transposition Table initialized.
[2025-11-30 17:52:16] [Debug] UCI Input: perft 5
[2025-11-30 17:52:22] [Debug] UCI Input: perft 5
[2025-11-30 17:52:29] [Debug] UCI Input: go depth 12
[2025-11-30 17:52:53] [Debug] UCI Input: quit
[2025-11-30 17:52:53] [Info] Engine exiting.
[2025-11-30 18:01:32] [Info] Gyatso Chess Engine Started
[2025-11-30 18:01:32] [Info] Attack tables precomputed.
[2025-11-30 18:01:35] [Info] Magic bitboards initialized.
[2025-11-30 18:01:35] [Info] Zobrist keys initialized.
[2025-11-30 18:01:35] [Info] Transposition Table initialized.
[2025-11-30 18:01:39] [Debug] UCI Input: uci
[2025-11-30 18:01:39] [Debug] UCI Input: setoption name Threads value 4
[2025-11-30 18:01:39] [Info] Threads set to 4
[2025-11-30 18:01:39] [Debug] UCI Input: go depth 5
[2025-11-30 18:01:39] [Debug] UCI Input: quit
[2025-11-30 18:01:39] [Info] Engine exiting.
[2025-11-30 18:01:58] [Info] Gyatso Chess Engine Started
[2025-11-30 18:01:58] [Info] Attack tables precomputed.
[2025-11-30 18:02:01] [Info] Magic bitboards initialized.
[2025-11-30 18:02:01] [Info] Zobrist keys initialized.
[2025-11-30 18:02:01] [Info] Transposition Table initialized.
[2025-11-30 18:02:11] [Debug] UCI Input: uci
[2025-11-30 18:02:45] [Debug] UCI Input: setoption name Threads value 4
[2025-11-30 18:02:45] [Info] Threads set to 4
[2025-11-30 18:02:52] [Debug] UCI Input: go depth 12
[2025-11-30 18:03:04] [Debug] UCI Input: quit
[2025-11-30 18:03:04] [Info] Engine exiting.
[2025-11-30 18:03:11] [Info] Gyatso Chess Engine Started
[2025-11-30 18:03:11] [Info] Attack tables precomputed.
[2025-11-30 18:03:14] [Info] Magic bitboards initialized.
[2025-11-30 18:03:14] [Info] Zobrist keys initialized.
[2025-11-30 18:03:14] [Info] Transposition Table initialized.
[2025-11-30 18:03:38] [Debug] UCI Input: setoption name Threads value 4
[2025-11-30 18:03:38] [Info] Threads set to 4
[2025-11-30 18:03:40] [Debug] UCI Input: perft 5
[2025-11-30 18:03:46] [Debug] UCI Input: go depth 15
[2025-11-30 18:05:10] [Debug] UCI Input: stop
[2025-11-30 18:05:31] [Debug] UCI Input: quit
[2025-11-30 18:05:31] [Info] Engine exiting.
[2025-11-30 18:06:08] [Info] Gyatso Chess Engine Started
[2025-11-30 18:06:08] [Info] Attack tables precomputed.
[2025-11-30 18:06:11] [Info] Magic bitboards initialized.
[2025-11-30 18:06:11] [Info] Zobrist keys initialized.
[2025-11-30 18:06:11] [Info] Transposition Table initialized.
[2025-11-30 18:06:11] [Debug] UCI Input: uci
[2025-11-30 18:06:25] [Debug] UCI Input: setoption name Threads value 4 
[2025-11-30 18:06:25] [Warn] Invalid Threads value: 4 
[2025-11-30 18:06:28] [Debug] UCI Input: perft 5
[2025-11-30 18:06:35] [Debug] UCI Input: go depth 15
[2025-11-30 18:07:07] [Debug] UCI Input: stop
[2025-11-30 18:07:08] [Debug] UCI Input: 
[2025-11-30 18:07:08] [Warn] Unknown command: 
[2025-11-30 18:07:29] [Info] Gyatso Chess Engine Started
[2025-11-30 18:07:29] [Info] Attack tables precomputed.
[2025-11-30 18:07:32] [Info] Magic bitboards initialized.
[2025-11-30 18:07:32] [Info] Zobrist keys initialized.
[2025-11-30 18:07:32] [Info] Transposition Table initialized.
[2025-11-30 18:07:32] [Debug] UCI Input: uci
[2025-11-30 18:07:45] [Debug] UCI Input: setoption name Threads value 4
[2025-11-30 18:07:45] [Info] Threads set to 4
[2025-11-30 18:07:49] [Debug] UCI Input: go depth 15
[2025-11-30 18:08:20] [Debug] UCI Input: stop
[2025-11-30 18:08:27] [Debug] UCI Input: perft 5
[2025-11-30 18:08:33] [Debug] UCI Input: quit
[2025-11-30 18:08:33] [Info] Engine exiting.
[2025-11-30 18:13:41] [Info] Gyatso Chess Engine Started
[2025-11-30 18:13:41] [Info] Attack tables precomputed.
[2025-11-30 18:13:44] [Info] Magic bitboards initialized.
[2025-11-30 18:13:44] [Info] Zobrist keys initialized.
[2025-11-30 18:13:44] [Info] Transposition Table initialized.
[2025-11-30 18:13:52] [Debug] UCI Input: uci
[2025-11-30 18:14:05] [Debug] UCI Input: setoption name Threads value 4
[2025-11-30 18:14:05] [Info] Threads set to 4
[2025-11-30 18:14:09] [Debug] UCI Input: go depth 5
[2025-11-30 18:14:15] [Debug] UCI Input: quit
[2025-11-30 18:14:15] [Info] Engine exiting.
